{
    "metadata": {
        "timestamp": "2026-01-17T23:50:32.915043",
        "vidore_benchmark_version": "5.0.0"
    },
    "metrics": {
        "vidore/arxivqa_test_subsampled": {
            "ndcg_at_1": 0.724,
            "ndcg_at_3": 0.79195,
            "ndcg_at_5": 0.80744,
            "ndcg_at_10": 0.82255,
            "ndcg_at_20": 0.83074,
            "ndcg_at_50": 0.83632,
            "ndcg_at_100": 0.83729,
            "map_at_1": 0.724,
            "map_at_3": 0.77533,
            "map_at_5": 0.78383,
            "map_at_10": 0.79021,
            "map_at_20": 0.7925,
            "map_at_50": 0.79341,
            "map_at_100": 0.79349,
            "recall_at_1": 0.724,
            "recall_at_3": 0.84,
            "recall_at_5": 0.878,
            "recall_at_10": 0.924,
            "recall_at_20": 0.956,
            "recall_at_50": 0.984,
            "recall_at_100": 0.99,
            "precision_at_1": 0.724,
            "precision_at_3": 0.28,
            "precision_at_5": 0.1756,
            "precision_at_10": 0.0924,
            "precision_at_20": 0.0478,
            "precision_at_50": 0.01968,
            "precision_at_100": 0.0099,
            "mrr_at_1": 0.724,
            "mrr_at_3": 0.7760000000000001,
            "mrr_at_5": 0.7847999999999998,
            "mrr_at_10": 0.7901404761904761,
            "mrr_at_20": 0.7927945699295543,
            "mrr_at_50": 0.7937108189970857,
            "mrr_at_100": 0.7937925534181726,
            "naucs_at_1_max": 0.5501764574146866,
            "naucs_at_1_std": -0.4550940977504569,
            "naucs_at_1_diff1": 0.9155977543187663,
            "naucs_at_3_max": 0.5822471772214037,
            "naucs_at_3_std": -0.3716126656848293,
            "naucs_at_3_diff1": 0.8399300441826215,
            "naucs_at_5_max": 0.5779498675361717,
            "naucs_at_5_std": -0.36034863852267784,
            "naucs_at_5_diff1": 0.815804737345392,
            "naucs_at_10_max": 0.6078799941029033,
            "naucs_at_10_std": -0.20827804806133232,
            "naucs_at_10_diff1": 0.7929259423067462,
            "naucs_at_20_max": 0.5578686019862503,
            "naucs_at_20_std": -0.09222476869535538,
            "naucs_at_20_diff1": 0.8119854002206963,
            "naucs_at_50_max": 0.39262371615313707,
            "naucs_at_50_std": -0.27252567693743607,
            "naucs_at_50_diff1": 0.7557773109243678,
            "naucs_at_100_max": 0.9444444444444274,
            "naucs_at_100_std": 0.4902894491129706,
            "naucs_at_100_diff1": 0.7637721755368587
        }
    }
}