{
    "metadata": {
        "timestamp": "2026-01-17T23:51:16.388607",
        "vidore_benchmark_version": "5.0.0"
    },
    "metrics": {
        "vidore/docvqa_test_subsampled": {
            "ndcg_at_1": 0.44124,
            "ndcg_at_3": 0.5294,
            "ndcg_at_5": 0.55287,
            "ndcg_at_10": 0.57291,
            "ndcg_at_20": 0.59216,
            "ndcg_at_50": 0.60826,
            "ndcg_at_100": 0.61564,
            "map_at_1": 0.44124,
            "map_at_3": 0.50776,
            "map_at_5": 0.52062,
            "map_at_10": 0.52886,
            "map_at_20": 0.53425,
            "map_at_50": 0.53694,
            "map_at_100": 0.53765,
            "recall_at_1": 0.44124,
            "recall_at_3": 0.59202,
            "recall_at_5": 0.64967,
            "recall_at_10": 0.71175,
            "recall_at_20": 0.78714,
            "recall_at_50": 0.86696,
            "recall_at_100": 0.91131,
            "precision_at_1": 0.44124,
            "precision_at_3": 0.19734,
            "precision_at_5": 0.12993,
            "precision_at_10": 0.07118,
            "precision_at_20": 0.03936,
            "precision_at_50": 0.01734,
            "precision_at_100": 0.00911,
            "mrr_at_1": 0.44124168514412415,
            "mrr_at_3": 0.5066518847006654,
            "mrr_at_5": 0.5201773835920178,
            "mrr_at_10": 0.5282546721571112,
            "mrr_at_20": 0.5338230212844934,
            "mrr_at_50": 0.5364629488108431,
            "mrr_at_100": 0.5372121333631136,
            "naucs_at_1_max": 0.1721605174093785,
            "naucs_at_1_std": -0.23600939324565823,
            "naucs_at_1_diff1": 0.7432164128269139,
            "naucs_at_3_max": 0.23108931752629228,
            "naucs_at_3_std": -0.1917549589188899,
            "naucs_at_3_diff1": 0.6517765776422841,
            "naucs_at_5_max": 0.2956569413456997,
            "naucs_at_5_std": -0.16204357580370687,
            "naucs_at_5_diff1": 0.6292208888944102,
            "naucs_at_10_max": 0.3477711907965929,
            "naucs_at_10_std": -0.1427365882876794,
            "naucs_at_10_diff1": 0.6264925073426717,
            "naucs_at_20_max": 0.38118917762957055,
            "naucs_at_20_std": -0.05871675953011763,
            "naucs_at_20_diff1": 0.6101159889375903,
            "naucs_at_50_max": 0.5711586236226472,
            "naucs_at_50_std": 0.20502869679370356,
            "naucs_at_50_diff1": 0.5912309470600257,
            "naucs_at_100_max": 0.6922112203805308,
            "naucs_at_100_std": 0.36317630171775195,
            "naucs_at_100_diff1": 0.6219611541326312
        }
    }
}