{
    "metadata": {
        "timestamp": "2026-01-24T21:47:09.444123",
        "vidore_benchmark_version": "5.0.0"
    },
    "metrics": {
        "vidore/vidore_v3_finance_fr": {
            "ndcg_at_1": 0.25391,
            "ndcg_at_3": 0.26912,
            "ndcg_at_5": 0.28532,
            "ndcg_at_10": 0.30978,
            "ndcg_at_20": 0.34306,
            "ndcg_at_50": 0.37997,
            "ndcg_at_100": 0.40068,
            "map_at_1": 0.11419,
            "map_at_3": 0.17534,
            "map_at_5": 0.19718,
            "map_at_10": 0.21894,
            "map_at_20": 0.23372,
            "map_at_50": 0.24518,
            "map_at_100": 0.24928,
            "recall_at_1": 0.11419,
            "recall_at_3": 0.22488,
            "recall_at_5": 0.28931,
            "recall_at_10": 0.37657,
            "recall_at_20": 0.47627,
            "recall_at_50": 0.60277,
            "recall_at_100": 0.68677,
            "precision_at_1": 0.27292,
            "precision_at_3": 0.20486,
            "precision_at_5": 0.16979,
            "precision_at_10": 0.1201,
            "precision_at_20": 0.08195,
            "precision_at_50": 0.04534,
            "precision_at_100": 0.02715,
            "mrr_at_1": 0.26979166666666665,
            "mrr_at_3": 0.3600694444444449,
            "mrr_at_5": 0.38137152777777866,
            "mrr_at_10": 0.3942323908730166,
            "mrr_at_20": 0.4010818783970881,
            "mrr_at_50": 0.4037687151184294,
            "mrr_at_100": 0.4044262612633102,
            "naucs_at_1_max": 0.16388853712336973,
            "naucs_at_1_std": 0.0298366695429634,
            "naucs_at_1_diff1": 0.2934595664350905,
            "naucs_at_3_max": 0.169500497028316,
            "naucs_at_3_std": 0.052658577198773496,
            "naucs_at_3_diff1": 0.14446453063330197,
            "naucs_at_5_max": 0.16388896297833516,
            "naucs_at_5_std": 0.07915853760877878,
            "naucs_at_5_diff1": 0.07985168955380013,
            "naucs_at_10_max": 0.1534652640478889,
            "naucs_at_10_std": 0.09124147186423366,
            "naucs_at_10_diff1": 0.01399825854884485,
            "naucs_at_20_max": 0.15235906934920065,
            "naucs_at_20_std": 0.12236272356505384,
            "naucs_at_20_diff1": -0.018275462132297735,
            "naucs_at_50_max": 0.13742840620440797,
            "naucs_at_50_std": 0.15247396449498504,
            "naucs_at_50_diff1": -0.04349806824078767,
            "naucs_at_100_max": 0.12137803827536175,
            "naucs_at_100_std": 0.15055492165941098,
            "naucs_at_100_diff1": -0.048065048446024494
        }
    }
}