{
    "metadata": {
        "timestamp": "2026-01-24T00:35:53.007998",
        "vidore_benchmark_version": "5.0.0"
    },
    "metrics": {
        "vidore/vidore_v3_hr": {
            "ndcg_at_1": 0.41614,
            "ndcg_at_3": 0.4178,
            "ndcg_at_5": 0.4292,
            "ndcg_at_10": 0.45717,
            "ndcg_at_20": 0.4909,
            "ndcg_at_50": 0.5373,
            "ndcg_at_100": 0.56222,
            "map_at_1": 0.1616,
            "map_at_3": 0.25585,
            "map_at_5": 0.2932,
            "map_at_10": 0.33345,
            "map_at_20": 0.36007,
            "map_at_50": 0.38039,
            "map_at_100": 0.38694,
            "recall_at_1": 0.1616,
            "recall_at_3": 0.3147,
            "recall_at_5": 0.39854,
            "recall_at_10": 0.51239,
            "recall_at_20": 0.63224,
            "recall_at_50": 0.77413,
            "recall_at_100": 0.86367,
            "precision_at_1": 0.44549,
            "precision_at_3": 0.32075,
            "precision_at_5": 0.26572,
            "precision_at_10": 0.19423,
            "precision_at_20": 0.13208,
            "precision_at_50": 0.07265,
            "precision_at_100": 0.04295,
            "mrr_at_1": 0.4334381551362683,
            "mrr_at_3": 0.5288259958071287,
            "mrr_at_5": 0.547274633123691,
            "mrr_at_10": 0.55848016704935,
            "mrr_at_20": 0.5637690463349581,
            "mrr_at_50": 0.5656110699816015,
            "mrr_at_100": 0.5660394416790424,
            "naucs_at_1_max": 0.14137006306668928,
            "naucs_at_1_std": -0.08642763527390147,
            "naucs_at_1_diff1": 0.330742182899046,
            "naucs_at_3_max": 0.1496522045801126,
            "naucs_at_3_std": -0.049751756117920064,
            "naucs_at_3_diff1": 0.21135323237294956,
            "naucs_at_5_max": 0.13744033651742033,
            "naucs_at_5_std": -0.054739532700169215,
            "naucs_at_5_diff1": 0.16933752073304095,
            "naucs_at_10_max": 0.12125776558566718,
            "naucs_at_10_std": -0.07179747883260275,
            "naucs_at_10_diff1": 0.10781250416664466,
            "naucs_at_20_max": 0.1093453797392644,
            "naucs_at_20_std": -0.07936483890784635,
            "naucs_at_20_diff1": 0.07361659449216432,
            "naucs_at_50_max": 0.08070354241647174,
            "naucs_at_50_std": -0.05868498159032949,
            "naucs_at_50_diff1": 0.02197675446692394,
            "naucs_at_100_max": 0.05693584060496446,
            "naucs_at_100_std": -0.05353730115645356,
            "naucs_at_100_diff1": 0.022281061435168642
        }
    }
}