{
    "metadata": {
        "timestamp": "2026-01-17T23:06:47.583986",
        "vidore_benchmark_version": "5.0.0"
    },
    "metrics": {
        "vidore/economics_reports_eng_v2": {
            "ndcg_at_1": 0.67241,
            "ndcg_at_3": 0.60459,
            "ndcg_at_5": 0.58473,
            "ndcg_at_10": 0.55836,
            "ndcg_at_20": 0.5607,
            "ndcg_at_50": 0.62374,
            "ndcg_at_100": 0.66912,
            "map_at_1": 0.06963,
            "map_at_3": 0.17752,
            "map_at_5": 0.23588,
            "map_at_10": 0.3044,
            "map_at_20": 0.34514,
            "map_at_50": 0.39603,
            "map_at_100": 0.42653,
            "recall_at_1": 0.06963,
            "recall_at_3": 0.23912,
            "recall_at_5": 0.32597,
            "recall_at_10": 0.44744,
            "recall_at_20": 0.55177,
            "recall_at_50": 0.74783,
            "recall_at_100": 0.87864,
            "precision_at_1": 0.67241,
            "precision_at_3": 0.55747,
            "precision_at_5": 0.51724,
            "precision_at_10": 0.41034,
            "precision_at_20": 0.28879,
            "precision_at_50": 0.18207,
            "precision_at_100": 0.12345,
            "mrr_at_1": 0.6551724137931034,
            "mrr_at_3": 0.7557471264367817,
            "mrr_at_5": 0.7600574712643678,
            "mrr_at_10": 0.7667624521072798,
            "mrr_at_20": 0.7677766508902413,
            "mrr_at_50": 0.7683924144370393,
            "mrr_at_100": 0.7683924144370393,
            "naucs_at_1_max": 0.24468152771990637,
            "naucs_at_1_std": 0.08687064845164325,
            "naucs_at_1_diff1": 0.011855734404369787,
            "naucs_at_3_max": 0.34577183109566345,
            "naucs_at_3_std": 0.24170318625391884,
            "naucs_at_3_diff1": -0.14082564121145513,
            "naucs_at_5_max": 0.37965027663336187,
            "naucs_at_5_std": 0.33743560759501545,
            "naucs_at_5_diff1": -0.2340308920635533,
            "naucs_at_10_max": 0.4680752680323528,
            "naucs_at_10_std": 0.3958829546397268,
            "naucs_at_10_diff1": -0.22878537154003714,
            "naucs_at_20_max": 0.4624952474091262,
            "naucs_at_20_std": 0.3684253981851255,
            "naucs_at_20_diff1": -0.22153415732811885,
            "naucs_at_50_max": 0.38562489552530244,
            "naucs_at_50_std": 0.3400818394033317,
            "naucs_at_50_diff1": -0.21568868174488262,
            "naucs_at_100_max": 0.3573382642954346,
            "naucs_at_100_std": 0.34272152757435836,
            "naucs_at_100_diff1": -0.20916881259451783
        }
    }
}