{
    "metadata": {
        "timestamp": "2026-01-24T12:21:06.318921",
        "vidore_benchmark_version": "5.0.0"
    },
    "metrics": {
        "vidore/vidore_v3_finance_en": {
            "ndcg_at_1": 0.39024,
            "ndcg_at_3": 0.38261,
            "ndcg_at_5": 0.39454,
            "ndcg_at_10": 0.42647,
            "ndcg_at_20": 0.45973,
            "ndcg_at_50": 0.49546,
            "ndcg_at_100": 0.51688,
            "map_at_1": 0.18209,
            "map_at_3": 0.25715,
            "map_at_5": 0.2883,
            "map_at_10": 0.3192,
            "map_at_20": 0.33782,
            "map_at_50": 0.3495,
            "map_at_100": 0.35392,
            "recall_at_1": 0.18209,
            "recall_at_3": 0.30643,
            "recall_at_5": 0.38195,
            "recall_at_10": 0.49287,
            "recall_at_20": 0.59532,
            "recall_at_50": 0.71409,
            "recall_at_100": 0.79465,
            "precision_at_1": 0.42125,
            "precision_at_3": 0.27742,
            "precision_at_5": 0.22287,
            "precision_at_10": 0.15782,
            "precision_at_20": 0.10227,
            "precision_at_50": 0.05315,
            "precision_at_100": 0.03155,
            "mrr_at_1": 0.41963322545846815,
            "mrr_at_3": 0.507281553398059,
            "mrr_at_5": 0.5260248112189874,
            "mrr_at_10": 0.5401061197582238,
            "mrr_at_20": 0.5451956464195096,
            "mrr_at_50": 0.5470609723716479,
            "mrr_at_100": 0.5475062308591808,
            "naucs_at_1_max": 0.20703096362918721,
            "naucs_at_1_std": -0.009675019664872341,
            "naucs_at_1_diff1": 0.40626360594557254,
            "naucs_at_3_max": 0.20124494127221926,
            "naucs_at_3_std": -0.0003511265746083746,
            "naucs_at_3_diff1": 0.1715423400769236,
            "naucs_at_5_max": 0.19475613067917832,
            "naucs_at_5_std": 0.012815592736442569,
            "naucs_at_5_diff1": 0.1086932007089066,
            "naucs_at_10_max": 0.18818248783454644,
            "naucs_at_10_std": 0.046634363309921024,
            "naucs_at_10_diff1": 0.07148571247912423,
            "naucs_at_20_max": 0.1562456078072769,
            "naucs_at_20_std": 0.06474989303184482,
            "naucs_at_20_diff1": 0.04514503706006612,
            "naucs_at_50_max": 0.13270113726683572,
            "naucs_at_50_std": 0.09178380182195921,
            "naucs_at_50_diff1": 0.02215232234912462,
            "naucs_at_100_max": 0.0938860380658014,
            "naucs_at_100_std": 0.10710058525452396,
            "naucs_at_100_diff1": 0.0014603709552864117
        }
    }
}