{
    "metadata": {
        "timestamp": "2026-01-18T07:24:16.196553",
        "vidore_benchmark_version": "5.0.0"
    },
    "metrics": {
        "vidore/syntheticDocQA_healthcare_industry_test": {
            "ndcg_at_1": 0.87,
            "ndcg_at_3": 0.92417,
            "ndcg_at_5": 0.94052,
            "ndcg_at_10": 0.94052,
            "ndcg_at_20": 0.94052,
            "ndcg_at_50": 0.94052,
            "ndcg_at_100": 0.94052,
            "map_at_1": 0.87,
            "map_at_3": 0.91167,
            "map_at_5": 0.92067,
            "map_at_10": 0.92067,
            "map_at_20": 0.92067,
            "map_at_50": 0.92067,
            "map_at_100": 0.92067,
            "recall_at_1": 0.87,
            "recall_at_3": 0.96,
            "recall_at_5": 1.0,
            "recall_at_10": 1.0,
            "recall_at_20": 1.0,
            "recall_at_50": 1.0,
            "recall_at_100": 1.0,
            "precision_at_1": 0.87,
            "precision_at_3": 0.32,
            "precision_at_5": 0.2,
            "precision_at_10": 0.1,
            "precision_at_20": 0.05,
            "precision_at_50": 0.02,
            "precision_at_100": 0.01,
            "mrr_at_1": 0.87,
            "mrr_at_3": 0.9116666666666666,
            "mrr_at_5": 0.9206666666666666,
            "mrr_at_10": 0.9206666666666666,
            "mrr_at_20": 0.9206666666666666,
            "mrr_at_50": 0.9206666666666666,
            "mrr_at_100": 0.9206666666666666,
            "naucs_at_1_max": 0.33511071613715465,
            "naucs_at_1_std": -0.7363178552914177,
            "naucs_at_1_diff1": 0.9309412723098575,
            "naucs_at_3_max": 0.8978758169934614,
            "naucs_at_3_std": -0.9213352007469611,
            "naucs_at_3_diff1": 1.0,
            "naucs_at_5_max": 1.0,
            "naucs_at_5_std": 1.0,
            "naucs_at_5_diff1": 1.0,
            "naucs_at_10_max": 1.0,
            "naucs_at_10_std": 1.0,
            "naucs_at_10_diff1": 1.0,
            "naucs_at_20_max": 1.0,
            "naucs_at_20_std": 1.0,
            "naucs_at_20_diff1": 1.0,
            "naucs_at_50_max": null,
            "naucs_at_50_std": null,
            "naucs_at_50_diff1": null,
            "naucs_at_100_max": null,
            "naucs_at_100_std": null,
            "naucs_at_100_diff1": null
        }
    }
}