{
    "metadata": {
        "timestamp": "2026-01-17T23:43:37.419983",
        "vidore_benchmark_version": "5.0.0"
    },
    "metrics": {
        "vidore/tabfquad_test_subsampled": {
            "ndcg_at_1": 0.76786,
            "ndcg_at_3": 0.82092,
            "ndcg_at_5": 0.82537,
            "ndcg_at_10": 0.836,
            "ndcg_at_20": 0.84227,
            "ndcg_at_50": 0.85136,
            "ndcg_at_100": 0.85623,
            "map_at_1": 0.76786,
            "map_at_3": 0.80833,
            "map_at_5": 0.81083,
            "map_at_10": 0.81535,
            "map_at_20": 0.81705,
            "map_at_50": 0.81846,
            "map_at_100": 0.81896,
            "recall_at_1": 0.76786,
            "recall_at_3": 0.85714,
            "recall_at_5": 0.86786,
            "recall_at_10": 0.9,
            "recall_at_20": 0.925,
            "recall_at_50": 0.97143,
            "recall_at_100": 1.0,
            "precision_at_1": 0.76786,
            "precision_at_3": 0.28571,
            "precision_at_5": 0.17357,
            "precision_at_10": 0.09,
            "precision_at_20": 0.04625,
            "precision_at_50": 0.01943,
            "precision_at_100": 0.01,
            "mrr_at_1": 0.7678571428571429,
            "mrr_at_3": 0.8071428571428573,
            "mrr_at_5": 0.81125,
            "mrr_at_10": 0.8151077097505668,
            "mrr_at_20": 0.8168129570408706,
            "mrr_at_50": 0.8182362693578513,
            "mrr_at_100": 0.8187353303445248,
            "naucs_at_1_max": 0.7177212679017732,
            "naucs_at_1_std": 0.44666957591145295,
            "naucs_at_1_diff1": 0.8633157456262146,
            "naucs_at_3_max": 0.6992711370262391,
            "naucs_at_3_std": 0.5656827016520902,
            "naucs_at_3_diff1": 0.7749271137026231,
            "naucs_at_5_max": 0.7027784293794164,
            "naucs_at_5_std": 0.5667631037089179,
            "naucs_at_5_diff1": 0.7667526780827264,
            "naucs_at_10_max": 0.7079998666133144,
            "naucs_at_10_std": 0.6723356009070299,
            "naucs_at_10_diff1": 0.7870981726023749,
            "naucs_at_20_max": 0.6686896981014611,
            "naucs_at_20_std": 0.6413676581743812,
            "naucs_at_20_diff1": 0.7568138366457667,
            "naucs_at_50_max": 0.7633636788048568,
            "naucs_at_50_std": 0.4874533146592006,
            "naucs_at_50_diff1": 0.6957282913165369,
            "naucs_at_100_max": 1.0,
            "naucs_at_100_std": 1.0,
            "naucs_at_100_diff1": 1.0
        }
    }
}