{
    "metadata": {
        "timestamp": "2026-01-18T06:20:48.106777",
        "vidore_benchmark_version": "5.0.0"
    },
    "metrics": {
        "vidore/syntheticDocQA_energy_test": {
            "ndcg_at_1": 0.86,
            "ndcg_at_3": 0.90286,
            "ndcg_at_5": 0.90716,
            "ndcg_at_10": 0.9173,
            "ndcg_at_20": 0.92009,
            "ndcg_at_50": 0.92425,
            "ndcg_at_100": 0.92425,
            "map_at_1": 0.86,
            "map_at_3": 0.89333,
            "map_at_5": 0.89583,
            "map_at_10": 0.90028,
            "map_at_20": 0.90119,
            "map_at_50": 0.90194,
            "map_at_100": 0.90194,
            "recall_at_1": 0.86,
            "recall_at_3": 0.93,
            "recall_at_5": 0.94,
            "recall_at_10": 0.97,
            "recall_at_20": 0.98,
            "recall_at_50": 1.0,
            "recall_at_100": 1.0,
            "precision_at_1": 0.86,
            "precision_at_3": 0.31,
            "precision_at_5": 0.188,
            "precision_at_10": 0.097,
            "precision_at_20": 0.049,
            "precision_at_50": 0.02,
            "precision_at_100": 0.01,
            "mrr_at_1": 0.86,
            "mrr_at_3": 0.8933333333333333,
            "mrr_at_5": 0.8978333333333333,
            "mrr_at_10": 0.9019285714285715,
            "mrr_at_20": 0.9024285714285715,
            "mrr_at_50": 0.9027063492063493,
            "mrr_at_100": 0.9027063492063493,
            "naucs_at_1_max": 0.39898849937647185,
            "naucs_at_1_std": -0.5042607731744477,
            "naucs_at_1_diff1": 0.8986767354856583,
            "naucs_at_3_max": 0.23356009070294853,
            "naucs_at_3_std": -0.9220354808590062,
            "naucs_at_3_diff1": 0.9229691876750693,
            "naucs_at_5_max": 0.12760659819483386,
            "naucs_at_5_std": -1.0961718020541558,
            "naucs_at_5_diff1": 0.9319172113289762,
            "naucs_at_10_max": 0.4936196700902597,
            "naucs_at_10_std": -1.1517273576097071,
            "naucs_at_10_diff1": 0.8638344226579531,
            "naucs_at_20_max": 0.5613912231559286,
            "naucs_at_20_std": -0.8576097105508901,
            "naucs_at_20_diff1": 0.7957516339869297,
            "naucs_at_50_max": null,
            "naucs_at_50_std": null,
            "naucs_at_50_diff1": null,
            "naucs_at_100_max": null,
            "naucs_at_100_std": null,
            "naucs_at_100_diff1": null
        }
    }
}