{
    "metadata": {
        "timestamp": "2026-01-17T23:48:06.690374",
        "vidore_benchmark_version": "5.0.0"
    },
    "metrics": {
        "vidore/syntheticDocQA_artificial_intelligence_test": {
            "ndcg_at_1": 0.87,
            "ndcg_at_3": 0.91024,
            "ndcg_at_5": 0.92703,
            "ndcg_at_10": 0.92703,
            "ndcg_at_20": 0.92703,
            "ndcg_at_50": 0.93125,
            "ndcg_at_100": 0.93125,
            "map_at_1": 0.87,
            "map_at_3": 0.9,
            "map_at_5": 0.9095,
            "map_at_10": 0.9095,
            "map_at_20": 0.9095,
            "map_at_50": 0.91029,
            "map_at_100": 0.91029,
            "recall_at_1": 0.87,
            "recall_at_3": 0.94,
            "recall_at_5": 0.98,
            "recall_at_10": 0.98,
            "recall_at_20": 0.98,
            "recall_at_50": 1.0,
            "recall_at_100": 1.0,
            "precision_at_1": 0.87,
            "precision_at_3": 0.31333,
            "precision_at_5": 0.196,
            "precision_at_10": 0.098,
            "precision_at_20": 0.049,
            "precision_at_50": 0.02,
            "precision_at_100": 0.01,
            "mrr_at_1": 0.87,
            "mrr_at_3": 0.905,
            "mrr_at_5": 0.9125,
            "mrr_at_10": 0.9125,
            "mrr_at_20": 0.9125,
            "mrr_at_50": 0.9132886904761907,
            "mrr_at_100": 0.9132886904761907,
            "naucs_at_1_max": 0.39580093312597203,
            "naucs_at_1_std": 0.016514848552173455,
            "naucs_at_1_diff1": 0.7961934384951498,
            "naucs_at_3_max": 0.6195922813569831,
            "naucs_at_3_std": 0.21148459383753418,
            "naucs_at_3_diff1": 0.8249299719887904,
            "naucs_at_5_max": 1.0,
            "naucs_at_5_std": 0.45611577964519334,
            "naucs_at_5_diff1": 1.0,
            "naucs_at_10_max": 1.0,
            "naucs_at_10_std": 0.45611577964519334,
            "naucs_at_10_diff1": 1.0,
            "naucs_at_20_max": 1.0,
            "naucs_at_20_std": 0.45611577964519334,
            "naucs_at_20_diff1": 1.0,
            "naucs_at_50_max": null,
            "naucs_at_50_std": null,
            "naucs_at_50_diff1": null,
            "naucs_at_100_max": null,
            "naucs_at_100_std": null,
            "naucs_at_100_diff1": null
        }
    }
}