{
    "metadata": {
        "timestamp": "2026-01-24T07:09:32.024990",
        "vidore_benchmark_version": "5.0.0"
    },
    "metrics": {
        "vidore/vidore_v3_physics": {
            "ndcg_at_1": 0.36065,
            "ndcg_at_3": 0.37386,
            "ndcg_at_5": 0.38973,
            "ndcg_at_10": 0.4208,
            "ndcg_at_20": 0.46726,
            "ndcg_at_50": 0.52589,
            "ndcg_at_100": 0.5529,
            "map_at_1": 0.14151,
            "map_at_3": 0.20914,
            "map_at_5": 0.24232,
            "map_at_10": 0.28588,
            "map_at_20": 0.32432,
            "map_at_50": 0.35267,
            "map_at_100": 0.36103,
            "recall_at_1": 0.14151,
            "recall_at_3": 0.25769,
            "recall_at_5": 0.33482,
            "recall_at_10": 0.45976,
            "recall_at_20": 0.59943,
            "recall_at_50": 0.75851,
            "recall_at_100": 0.84601,
            "precision_at_1": 0.39735,
            "precision_at_3": 0.305,
            "precision_at_5": 0.26921,
            "precision_at_10": 0.2165,
            "precision_at_20": 0.16313,
            "precision_at_50": 0.09499,
            "precision_at_100": 0.05623,
            "mrr_at_1": 0.3868653421633554,
            "mrr_at_3": 0.5094738778513623,
            "mrr_at_5": 0.5311626195732176,
            "mrr_at_10": 0.5450674953572323,
            "mrr_at_20": 0.5493643576014993,
            "mrr_at_50": 0.5511116135145802,
            "mrr_at_100": 0.5514082662483467,
            "naucs_at_1_max": 0.033112599770141894,
            "naucs_at_1_std": -0.1412161844456813,
            "naucs_at_1_diff1": 0.26262469148530115,
            "naucs_at_3_max": 0.02551755783743411,
            "naucs_at_3_std": -0.15371178303813568,
            "naucs_at_3_diff1": 0.09287156147553238,
            "naucs_at_5_max": 0.03638314137442595,
            "naucs_at_5_std": -0.10909785325152488,
            "naucs_at_5_diff1": 0.009780968400642282,
            "naucs_at_10_max": 0.05259797535201004,
            "naucs_at_10_std": -0.04801581497332658,
            "naucs_at_10_diff1": -0.024414794591498118,
            "naucs_at_20_max": 0.0543973720641905,
            "naucs_at_20_std": 0.005917614282721645,
            "naucs_at_20_diff1": -0.05075719873513505,
            "naucs_at_50_max": 0.02489328140517539,
            "naucs_at_50_std": 0.05489989379475434,
            "naucs_at_50_diff1": -0.038667576333225144,
            "naucs_at_100_max": 0.0013962642398885289,
            "naucs_at_100_std": 0.08381429868344936,
            "naucs_at_100_diff1": -0.04371394851151226
        }
    }
}