{
    "metadata": {
        "timestamp": "2026-01-17T23:33:17.868441",
        "vidore_benchmark_version": "5.0.0"
    },
    "metrics": {
        "vidore/esg_reports_eng_v2": {
            "ndcg_at_1": 0.49123,
            "ndcg_at_3": 0.4876,
            "ndcg_at_5": 0.50767,
            "ndcg_at_10": 0.55556,
            "ndcg_at_20": 0.57699,
            "ndcg_at_50": 0.60951,
            "ndcg_at_100": 0.62306,
            "map_at_1": 0.22354,
            "map_at_3": 0.35507,
            "map_at_5": 0.38501,
            "map_at_10": 0.43497,
            "map_at_20": 0.44924,
            "map_at_50": 0.46141,
            "map_at_100": 0.46548,
            "recall_at_1": 0.22354,
            "recall_at_3": 0.44985,
            "recall_at_5": 0.52519,
            "recall_at_10": 0.6821,
            "recall_at_20": 0.75675,
            "recall_at_50": 0.87022,
            "recall_at_100": 0.91322,
            "precision_at_1": 0.49123,
            "precision_at_3": 0.33333,
            "precision_at_5": 0.26316,
            "precision_at_10": 0.18421,
            "precision_at_20": 0.10877,
            "precision_at_50": 0.05474,
            "precision_at_100": 0.0314,
            "mrr_at_1": 0.43859649122807015,
            "mrr_at_3": 0.567251461988304,
            "mrr_at_5": 0.585672514619883,
            "mrr_at_10": 0.5922514619883041,
            "mrr_at_20": 0.5950629779577148,
            "mrr_at_50": 0.5970309069851404,
            "mrr_at_100": 0.5970309069851404,
            "naucs_at_1_max": 0.21148088278843497,
            "naucs_at_1_std": 0.27364361478859595,
            "naucs_at_1_diff1": 0.17193693008106317,
            "naucs_at_3_max": 0.0332146064567773,
            "naucs_at_3_std": 0.19928772757895383,
            "naucs_at_3_diff1": -0.07448131256087642,
            "naucs_at_5_max": 0.023808183802180933,
            "naucs_at_5_std": 0.05536873793501547,
            "naucs_at_5_diff1": -0.014255162957568276,
            "naucs_at_10_max": 0.060034161321225694,
            "naucs_at_10_std": 0.11165929392171386,
            "naucs_at_10_diff1": 0.028973180470065973,
            "naucs_at_20_max": 0.024178360811740515,
            "naucs_at_20_std": 0.12068467810263647,
            "naucs_at_20_diff1": 0.07303388767511548,
            "naucs_at_50_max": -0.0001985883106536588,
            "naucs_at_50_std": 0.118913500036214,
            "naucs_at_50_diff1": 0.10234909934999371,
            "naucs_at_100_max": -0.05270819380200488,
            "naucs_at_100_std": 0.15635880384023354,
            "naucs_at_100_diff1": 0.08394520513121842
        }
    }
}