{
    "metadata": {
        "timestamp": "2026-01-17T23:33:16.316102",
        "vidore_benchmark_version": "5.0.0"
    },
    "metrics": {
        "vidore/biomedical_lectures_eng_v2": {
            "ndcg_at_1": 0.5125,
            "ndcg_at_3": 0.52792,
            "ndcg_at_5": 0.55394,
            "ndcg_at_10": 0.5862,
            "ndcg_at_20": 0.61872,
            "ndcg_at_50": 0.64662,
            "ndcg_at_100": 0.65967,
            "map_at_1": 0.29517,
            "map_at_3": 0.42194,
            "map_at_5": 0.46271,
            "map_at_10": 0.49203,
            "map_at_20": 0.51019,
            "map_at_50": 0.51893,
            "map_at_100": 0.52201,
            "recall_at_1": 0.29517,
            "recall_at_3": 0.50205,
            "recall_at_5": 0.6028,
            "recall_at_10": 0.69933,
            "recall_at_20": 0.79286,
            "recall_at_50": 0.88559,
            "recall_at_100": 0.93098,
            "precision_at_1": 0.5125,
            "precision_at_3": 0.33958,
            "precision_at_5": 0.26,
            "precision_at_10": 0.16688,
            "precision_at_20": 0.10156,
            "precision_at_50": 0.049,
            "precision_at_100": 0.02756,
            "mrr_at_1": 0.5125,
            "mrr_at_3": 0.6083333333333332,
            "mrr_at_5": 0.6270833333333331,
            "mrr_at_10": 0.6347891865079365,
            "mrr_at_20": 0.637751079598506,
            "mrr_at_50": 0.6398384882493271,
            "mrr_at_100": 0.6398384882493271,
            "naucs_at_1_max": 0.17639566075616223,
            "naucs_at_1_std": -0.25919896074097803,
            "naucs_at_1_diff1": 0.5020498371940008,
            "naucs_at_3_max": 0.03590699412374355,
            "naucs_at_3_std": -0.20043771657851514,
            "naucs_at_3_diff1": 0.03343371752156324,
            "naucs_at_5_max": 0.03609702728203938,
            "naucs_at_5_std": -0.13447170649504178,
            "naucs_at_5_diff1": -0.08104942781512378,
            "naucs_at_10_max": 0.0350935031587635,
            "naucs_at_10_std": -0.06194768540482326,
            "naucs_at_10_diff1": -0.1410199711060902,
            "naucs_at_20_max": 0.01607505349207223,
            "naucs_at_20_std": -0.01278534380525908,
            "naucs_at_20_diff1": -0.222113432735038,
            "naucs_at_50_max": 0.01227987418706088,
            "naucs_at_50_std": 0.09579357686458792,
            "naucs_at_50_diff1": -0.28572888231176996,
            "naucs_at_100_max": -0.0010195277673923507,
            "naucs_at_100_std": 0.13732852089384842,
            "naucs_at_100_diff1": -0.2751143194041012
        }
    }
}