{
    "metadata": {
        "timestamp": "2026-01-17T21:41:37.235063",
        "vidore_benchmark_version": "5.0.0"
    },
    "metrics": {
        "vidore/esg_reports_v2": {
            "ndcg_at_1": 0.44298,
            "ndcg_at_3": 0.47193,
            "ndcg_at_5": 0.49837,
            "ndcg_at_10": 0.5474,
            "ndcg_at_20": 0.5716,
            "ndcg_at_50": 0.5975,
            "ndcg_at_100": 0.61284,
            "map_at_1": 0.20314,
            "map_at_3": 0.34077,
            "map_at_5": 0.37588,
            "map_at_10": 0.42501,
            "map_at_20": 0.44207,
            "map_at_50": 0.45285,
            "map_at_100": 0.45705,
            "recall_at_1": 0.20314,
            "recall_at_3": 0.43743,
            "recall_at_5": 0.52664,
            "recall_at_10": 0.69191,
            "recall_at_20": 0.76928,
            "recall_at_50": 0.85621,
            "recall_at_100": 0.9098,
            "precision_at_1": 0.44298,
            "precision_at_3": 0.33333,
            "precision_at_5": 0.26754,
            "precision_at_10": 0.18421,
            "precision_at_20": 0.11206,
            "precision_at_50": 0.05491,
            "precision_at_100": 0.03154,
            "mrr_at_1": 0.42543859649122806,
            "mrr_at_3": 0.5526315789473683,
            "mrr_at_5": 0.5736842105263158,
            "mrr_at_10": 0.5857995683653578,
            "mrr_at_20": 0.5874272352890773,
            "mrr_at_50": 0.588760087837605,
            "mrr_at_100": 0.5888357079222994,
            "naucs_at_1_max": 0.24195677764338813,
            "naucs_at_1_std": 0.27901845789921087,
            "naucs_at_1_diff1": 0.3276377929633201,
            "naucs_at_3_max": 0.11749976712347417,
            "naucs_at_3_std": 0.11649723301386912,
            "naucs_at_3_diff1": 0.06250508070169579,
            "naucs_at_5_max": 0.11408629424473195,
            "naucs_at_5_std": 0.08015860959084256,
            "naucs_at_5_diff1": 0.08746238934894053,
            "naucs_at_10_max": 0.14805693093740213,
            "naucs_at_10_std": 0.07124614321319477,
            "naucs_at_10_diff1": 0.12955038174257508,
            "naucs_at_20_max": 0.14564954633798843,
            "naucs_at_20_std": 0.11210905166068041,
            "naucs_at_20_diff1": 0.08153822646743188,
            "naucs_at_50_max": 0.07012897589447661,
            "naucs_at_50_std": 0.06304881874931847,
            "naucs_at_50_diff1": 0.06178209431697991,
            "naucs_at_100_max": 0.04923316699253806,
            "naucs_at_100_std": 0.09636916806782066,
            "naucs_at_100_diff1": 0.051283819800501104
        }
    }
}