{
    "metadata": {
        "timestamp": "2026-01-24T01:47:27.959066",
        "vidore_benchmark_version": "5.0.0"
    },
    "metrics": {
        "vidore/vidore_v3_pharmaceuticals": {
            "ndcg_at_1": 0.44368,
            "ndcg_at_3": 0.47115,
            "ndcg_at_5": 0.48254,
            "ndcg_at_10": 0.50622,
            "ndcg_at_20": 0.5444,
            "ndcg_at_50": 0.5839,
            "ndcg_at_100": 0.60327,
            "map_at_1": 0.22073,
            "map_at_3": 0.32187,
            "map_at_5": 0.35379,
            "map_at_10": 0.38973,
            "map_at_20": 0.41812,
            "map_at_50": 0.4351,
            "map_at_100": 0.44004,
            "recall_at_1": 0.22073,
            "recall_at_3": 0.38828,
            "recall_at_5": 0.467,
            "recall_at_10": 0.57866,
            "recall_at_20": 0.6955,
            "recall_at_50": 0.81291,
            "recall_at_100": 0.88214,
            "precision_at_1": 0.46658,
            "precision_at_3": 0.33425,
            "precision_at_5": 0.26667,
            "precision_at_10": 0.1897,
            "precision_at_20": 0.12944,
            "precision_at_50": 0.06745,
            "precision_at_100": 0.03847,
            "mrr_at_1": 0.4661172161172161,
            "mrr_at_3": 0.5760836385836391,
            "mrr_at_5": 0.5947420634920646,
            "mrr_at_10": 0.6058449982557129,
            "mrr_at_20": 0.6095303450669737,
            "mrr_at_50": 0.6106634135128967,
            "mrr_at_100": 0.6109656987902506,
            "naucs_at_1_max": 0.08017122644612944,
            "naucs_at_1_std": -0.18680196387581013,
            "naucs_at_1_diff1": 0.4028623270702055,
            "naucs_at_3_max": 0.13980108768732974,
            "naucs_at_3_std": -0.13232866427442935,
            "naucs_at_3_diff1": 0.11333272346542436,
            "naucs_at_5_max": 0.13971771312622183,
            "naucs_at_5_std": -0.1028041519293198,
            "naucs_at_5_diff1": -0.0025389819468506114,
            "naucs_at_10_max": 0.14679364568399286,
            "naucs_at_10_std": -0.0605249766776666,
            "naucs_at_10_diff1": -0.06662812483942238,
            "naucs_at_20_max": 0.17690143305165756,
            "naucs_at_20_std": -0.014115999676295343,
            "naucs_at_20_diff1": -0.08026424047121804,
            "naucs_at_50_max": 0.17291997997908848,
            "naucs_at_50_std": 0.04824633939133898,
            "naucs_at_50_diff1": -0.11536044913956266,
            "naucs_at_100_max": 0.1686839435965372,
            "naucs_at_100_std": 0.10313177425626492,
            "naucs_at_100_diff1": -0.14510363800299225
        }
    }
}