{
    "metadata": {
        "timestamp": "2026-01-18T05:18:13.676973",
        "vidore_benchmark_version": "5.0.0"
    },
    "metrics": {
        "vidore/tatdqa_test": {
            "ndcg_at_1": 0.4678,
            "ndcg_at_3": 0.58379,
            "ndcg_at_5": 0.61984,
            "ndcg_at_10": 0.65279,
            "ndcg_at_20": 0.66848,
            "ndcg_at_50": 0.67943,
            "ndcg_at_100": 0.68242,
            "map_at_1": 0.4678,
            "map_at_3": 0.55559,
            "map_at_5": 0.57576,
            "map_at_10": 0.58966,
            "map_at_20": 0.59405,
            "map_at_50": 0.59595,
            "map_at_100": 0.59623,
            "recall_at_1": 0.4678,
            "recall_at_3": 0.66525,
            "recall_at_5": 0.75213,
            "recall_at_10": 0.85237,
            "recall_at_20": 0.91373,
            "recall_at_50": 0.96719,
            "recall_at_100": 0.98542,
            "precision_at_1": 0.4678,
            "precision_at_3": 0.22175,
            "precision_at_5": 0.15043,
            "precision_at_10": 0.08524,
            "precision_at_20": 0.04569,
            "precision_at_50": 0.01934,
            "precision_at_100": 0.00985,
            "mrr_at_1": 0.4671931956257594,
            "mrr_at_3": 0.5559943296881336,
            "mrr_at_5": 0.576073309031998,
            "mrr_at_10": 0.5898843275665877,
            "mrr_at_20": 0.5942676076590645,
            "mrr_at_50": 0.5961922481453747,
            "mrr_at_100": 0.596464662062626,
            "naucs_at_1_max": 0.03911759015721688,
            "naucs_at_1_std": -0.2713768297467013,
            "naucs_at_1_diff1": 0.6312226983838214,
            "naucs_at_3_max": 0.053724489845446304,
            "naucs_at_3_std": -0.28958292298946964,
            "naucs_at_3_diff1": 0.5158304731395056,
            "naucs_at_5_max": 0.0990109582696,
            "naucs_at_5_std": -0.2598075028206234,
            "naucs_at_5_diff1": 0.4835869200711715,
            "naucs_at_10_max": 0.2611613953929769,
            "naucs_at_10_std": -0.1027080989127862,
            "naucs_at_10_diff1": 0.39795437945645507,
            "naucs_at_20_max": 0.500648388620534,
            "naucs_at_20_std": 0.12242835961650934,
            "naucs_at_20_diff1": 0.3853192223537299,
            "naucs_at_50_max": 0.6517626415542069,
            "naucs_at_50_std": 0.32998053861480575,
            "naucs_at_50_diff1": 0.5398539756360039,
            "naucs_at_100_max": 0.8150214503378631,
            "naucs_at_100_std": 0.7442650125149798,
            "naucs_at_100_diff1": 0.5356549693610877
        }
    }
}