{
    "metadata": {
        "timestamp": "2026-01-17T23:08:49.260335",
        "vidore_benchmark_version": "5.0.0"
    },
    "metrics": {
        "vidore/economics_reports_v2": {
            "ndcg_at_1": 0.57328,
            "ndcg_at_3": 0.53471,
            "ndcg_at_5": 0.52184,
            "ndcg_at_10": 0.51306,
            "ndcg_at_20": 0.52785,
            "ndcg_at_50": 0.59409,
            "ndcg_at_100": 0.63625,
            "map_at_1": 0.05986,
            "map_at_3": 0.14718,
            "map_at_5": 0.19989,
            "map_at_10": 0.26535,
            "map_at_20": 0.31047,
            "map_at_50": 0.36204,
            "map_at_100": 0.38971,
            "recall_at_1": 0.05986,
            "recall_at_3": 0.20175,
            "recall_at_5": 0.29374,
            "recall_at_10": 0.41993,
            "recall_at_20": 0.53939,
            "recall_at_50": 0.74225,
            "recall_at_100": 0.86983,
            "precision_at_1": 0.57328,
            "precision_at_3": 0.49856,
            "precision_at_5": 0.46293,
            "precision_at_10": 0.38836,
            "precision_at_20": 0.2847,
            "precision_at_50": 0.18241,
            "precision_at_100": 0.12112,
            "mrr_at_1": 0.5689655172413793,
            "mrr_at_3": 0.6860632183908045,
            "mrr_at_5": 0.6996408045977011,
            "mrr_at_10": 0.7091646141215107,
            "mrr_at_20": 0.7096717135129914,
            "mrr_at_50": 0.7104238496202624,
            "mrr_at_100": 0.7104238496202624,
            "naucs_at_1_max": 0.3106820332585339,
            "naucs_at_1_std": 0.2609890856117384,
            "naucs_at_1_diff1": 0.07153376968175658,
            "naucs_at_3_max": 0.28217559321565566,
            "naucs_at_3_std": 0.22792138686222854,
            "naucs_at_3_diff1": 0.014253401634145456,
            "naucs_at_5_max": 0.2829930915979881,
            "naucs_at_5_std": 0.27062389338249804,
            "naucs_at_5_diff1": -0.03957305939485397,
            "naucs_at_10_max": 0.2628683940691712,
            "naucs_at_10_std": 0.26856694628186034,
            "naucs_at_10_diff1": -0.11712740675039437,
            "naucs_at_20_max": 0.22166041334952613,
            "naucs_at_20_std": 0.2800777305659196,
            "naucs_at_20_diff1": -0.12988892770983104,
            "naucs_at_50_max": 0.17837822040266466,
            "naucs_at_50_std": 0.2792069845994825,
            "naucs_at_50_diff1": -0.13360833735266028,
            "naucs_at_100_max": 0.1876547272816409,
            "naucs_at_100_std": 0.28859010160507786,
            "naucs_at_100_diff1": -0.13324038534018917
        }
    }
}