{
    "metadata": {
        "timestamp": "2026-01-17T22:38:07.611903",
        "vidore_benchmark_version": "5.0.0"
    },
    "metrics": {
        "vidore/biomedical_lectures_v2": {
            "ndcg_at_1": 0.45156,
            "ndcg_at_3": 0.47745,
            "ndcg_at_5": 0.50534,
            "ndcg_at_10": 0.54728,
            "ndcg_at_20": 0.5772,
            "ndcg_at_50": 0.60739,
            "ndcg_at_100": 0.6217,
            "map_at_1": 0.26708,
            "map_at_3": 0.38087,
            "map_at_5": 0.41939,
            "map_at_10": 0.4517,
            "map_at_20": 0.46721,
            "map_at_50": 0.47684,
            "map_at_100": 0.48003,
            "recall_at_1": 0.26708,
            "recall_at_3": 0.45881,
            "recall_at_5": 0.55334,
            "recall_at_10": 0.67575,
            "recall_at_20": 0.7645,
            "recall_at_50": 0.86387,
            "recall_at_100": 0.91501,
            "precision_at_1": 0.45156,
            "precision_at_3": 0.30573,
            "precision_at_5": 0.24,
            "precision_at_10": 0.15828,
            "precision_at_20": 0.09547,
            "precision_at_50": 0.04716,
            "precision_at_100": 0.02675,
            "mrr_at_1": 0.446875,
            "mrr_at_3": 0.5473958333333331,
            "mrr_at_5": 0.5678645833333329,
            "mrr_at_10": 0.5808023313492063,
            "mrr_at_20": 0.5842168683556186,
            "mrr_at_50": 0.586134906667982,
            "mrr_at_100": 0.5862756707107086,
            "naucs_at_1_max": 0.14111322427237552,
            "naucs_at_1_std": -0.13119660656781412,
            "naucs_at_1_diff1": 0.4196240119720027,
            "naucs_at_3_max": 0.09144842890705027,
            "naucs_at_3_std": -0.0977567666283751,
            "naucs_at_3_diff1": 0.07327465523061967,
            "naucs_at_5_max": 0.05574776333216232,
            "naucs_at_5_std": -0.11628330224973203,
            "naucs_at_5_diff1": -0.04074384409546706,
            "naucs_at_10_max": 0.06878649193255144,
            "naucs_at_10_std": -0.060442312181490626,
            "naucs_at_10_diff1": -0.12114646231299823,
            "naucs_at_20_max": 0.07315377523723823,
            "naucs_at_20_std": -0.0034441703512517155,
            "naucs_at_20_diff1": -0.17274756128893573,
            "naucs_at_50_max": 0.025957592624361973,
            "naucs_at_50_std": 0.011181657956659189,
            "naucs_at_50_diff1": -0.23764346723096308,
            "naucs_at_100_max": -0.007598289380218229,
            "naucs_at_100_std": 0.012421454264958562,
            "naucs_at_100_diff1": -0.25349709222172573
        }
    }
}