{
    "metadata": {
        "timestamp": "2026-01-17T23:23:23.086675",
        "vidore_benchmark_version": "5.0.0"
    },
    "metrics": {
        "vidore/infovqa_test_subsampled": {
            "ndcg_at_1": 0.78543,
            "ndcg_at_3": 0.83866,
            "ndcg_at_5": 0.85695,
            "ndcg_at_10": 0.86204,
            "ndcg_at_20": 0.86564,
            "ndcg_at_50": 0.86965,
            "ndcg_at_100": 0.87095,
            "map_at_1": 0.78543,
            "map_at_3": 0.82557,
            "map_at_5": 0.8357,
            "map_at_10": 0.83771,
            "map_at_20": 0.83871,
            "map_at_50": 0.83935,
            "map_at_100": 0.83946,
            "recall_at_1": 0.78543,
            "recall_at_3": 0.87652,
            "recall_at_5": 0.92105,
            "recall_at_10": 0.93725,
            "recall_at_20": 0.95142,
            "recall_at_50": 0.97166,
            "recall_at_100": 0.97976,
            "precision_at_1": 0.78543,
            "precision_at_3": 0.29217,
            "precision_at_5": 0.18421,
            "precision_at_10": 0.09372,
            "precision_at_20": 0.04757,
            "precision_at_50": 0.01943,
            "precision_at_100": 0.0098,
            "mrr_at_1": 0.7854251012145749,
            "mrr_at_3": 0.8255735492577596,
            "mrr_at_5": 0.8357962213225367,
            "mrr_at_10": 0.8383514876935926,
            "mrr_at_20": 0.8391889178073385,
            "mrr_at_50": 0.8397916150730982,
            "mrr_at_100": 0.8399431597974818,
            "naucs_at_1_max": 0.44226273184850523,
            "naucs_at_1_std": -0.22808621674528007,
            "naucs_at_1_diff1": 0.8563740394999086,
            "naucs_at_3_max": 0.502392879176532,
            "naucs_at_3_std": -0.1112254928669056,
            "naucs_at_3_diff1": 0.8108527068655283,
            "naucs_at_5_max": 0.7085439399173851,
            "naucs_at_5_std": 0.16426595598688995,
            "naucs_at_5_diff1": 0.7836934321509329,
            "naucs_at_10_max": 0.7744311186408459,
            "naucs_at_10_std": 0.2965176785250613,
            "naucs_at_10_diff1": 0.7679220728704245,
            "naucs_at_20_max": 0.8566023115675981,
            "naucs_at_20_std": 0.5271157886989453,
            "naucs_at_20_diff1": 0.7342606934428615,
            "naucs_at_50_max": 0.8373506794335622,
            "naucs_at_50_std": 0.5760526406052691,
            "naucs_at_50_diff1": 0.6704430617131771,
            "naucs_at_100_max": 0.8730853301970164,
            "naucs_at_100_std": 0.6770805994258896,
            "naucs_at_100_diff1": 0.6370845325834673
        }
    }
}