{
    "metadata": {
        "timestamp": "2026-01-24T01:59:49.723133",
        "vidore_benchmark_version": "5.0.0"
    },
    "metrics": {
        "vidore/vidore_v3_computer_science": {
            "ndcg_at_1": 0.63953,
            "ndcg_at_3": 0.63371,
            "ndcg_at_5": 0.64277,
            "ndcg_at_10": 0.67621,
            "ndcg_at_20": 0.71491,
            "ndcg_at_50": 0.74663,
            "ndcg_at_100": 0.75594,
            "map_at_1": 0.25461,
            "map_at_3": 0.42323,
            "map_at_5": 0.4909,
            "map_at_10": 0.55766,
            "map_at_20": 0.59301,
            "map_at_50": 0.61071,
            "map_at_100": 0.61368,
            "recall_at_1": 0.25461,
            "recall_at_3": 0.46886,
            "recall_at_5": 0.58039,
            "recall_at_10": 0.72832,
            "recall_at_20": 0.8363,
            "recall_at_50": 0.92602,
            "recall_at_100": 0.95874,
            "precision_at_1": 0.7093,
            "precision_at_3": 0.51938,
            "precision_at_5": 0.4245,
            "precision_at_10": 0.29791,
            "precision_at_20": 0.18477,
            "precision_at_50": 0.08695,
            "precision_at_100": 0.04586,
            "mrr_at_1": 0.7108527131782946,
            "mrr_at_3": 0.7816537467700264,
            "mrr_at_5": 0.7949095607235152,
            "mrr_at_10": 0.8006853697551378,
            "mrr_at_20": 0.8019509265837301,
            "mrr_at_50": 0.8021667065162925,
            "mrr_at_100": 0.8021883364556126,
            "naucs_at_1_max": 0.20536332551988126,
            "naucs_at_1_std": -0.05922309914482103,
            "naucs_at_1_diff1": 0.4221500612890049,
            "naucs_at_3_max": 0.22659824397712858,
            "naucs_at_3_std": 0.009076772171582845,
            "naucs_at_3_diff1": 0.051058637766453585,
            "naucs_at_5_max": 0.2370157270317512,
            "naucs_at_5_std": 0.08278820639916855,
            "naucs_at_5_diff1": -0.06687292208202583,
            "naucs_at_10_max": 0.21080865742754223,
            "naucs_at_10_std": 0.1220573547155036,
            "naucs_at_10_diff1": -0.1548867254071365,
            "naucs_at_20_max": 0.16321006972339383,
            "naucs_at_20_std": 0.11143281819753309,
            "naucs_at_20_diff1": -0.17449574093190387,
            "naucs_at_50_max": 0.11121364061734496,
            "naucs_at_50_std": 0.07021813590482423,
            "naucs_at_50_diff1": -0.16928139564348033,
            "naucs_at_100_max": 0.08109223917742991,
            "naucs_at_100_std": 0.06103036634906517,
            "naucs_at_100_diff1": -0.16412744923861594
        }
    }
}