{
    "metadata": {
        "timestamp": "2026-01-18T05:49:41.161151",
        "vidore_benchmark_version": "5.0.0"
    },
    "metrics": {
        "vidore/shiftproject_test": {
            "ndcg_at_1": 0.58,
            "ndcg_at_3": 0.70333,
            "ndcg_at_5": 0.73691,
            "ndcg_at_10": 0.74985,
            "ndcg_at_20": 0.75979,
            "ndcg_at_50": 0.76179,
            "ndcg_at_100": 0.76679,
            "map_at_1": 0.58,
            "map_at_3": 0.67333,
            "map_at_5": 0.69233,
            "map_at_10": 0.69768,
            "map_at_20": 0.70032,
            "map_at_50": 0.70065,
            "map_at_100": 0.70112,
            "recall_at_1": 0.58,
            "recall_at_3": 0.79,
            "recall_at_5": 0.87,
            "recall_at_10": 0.91,
            "recall_at_20": 0.95,
            "recall_at_50": 0.96,
            "recall_at_100": 0.99,
            "precision_at_1": 0.58,
            "precision_at_3": 0.26333,
            "precision_at_5": 0.174,
            "precision_at_10": 0.091,
            "precision_at_20": 0.0475,
            "precision_at_50": 0.0192,
            "precision_at_100": 0.0099,
            "mrr_at_1": 0.58,
            "mrr_at_3": 0.6733333333333333,
            "mrr_at_5": 0.6938333333333334,
            "mrr_at_10": 0.6976230158730159,
            "mrr_at_20": 0.7003035714285716,
            "mrr_at_50": 0.7006369047619049,
            "mrr_at_100": 0.7011212053208574,
            "naucs_at_1_max": 0.14687871840264646,
            "naucs_at_1_std": -0.323693298894274,
            "naucs_at_1_diff1": 0.7200133499724298,
            "naucs_at_3_max": 0.2774665159785509,
            "naucs_at_3_std": -0.11005843172145156,
            "naucs_at_3_diff1": 0.4006059585928292,
            "naucs_at_5_max": 0.4687847145078876,
            "naucs_at_5_std": -0.10842035103310264,
            "naucs_at_5_diff1": 0.2374657483522184,
            "naucs_at_10_max": 0.39194937234152777,
            "naucs_at_10_std": -0.18684510841373445,
            "naucs_at_10_diff1": 0.4088079676314959,
            "naucs_at_20_max": 0.16591970121382563,
            "naucs_at_20_std": -0.4749766573295887,
            "naucs_at_20_diff1": 0.3409897292250282,
            "naucs_at_50_max": 0.06886087768441068,
            "naucs_at_50_std": -0.30578898225956497,
            "naucs_at_50_diff1": 0.2089169000933705,
            "naucs_at_100_max": 0.35807656395892007,
            "naucs_at_100_std": 0.7222222222222041,
            "naucs_at_100_diff1": 0.12278244631185525
        }
    }
}