{
    "metadata": {
        "timestamp": "2026-01-24T16:42:32.475714",
        "vidore_benchmark_version": "5.0.0"
    },
    "metrics": {
        "vidore/vidore_v3_industrial": {
            "ndcg_at_1": 0.2871,
            "ndcg_at_3": 0.31237,
            "ndcg_at_5": 0.32673,
            "ndcg_at_10": 0.34865,
            "ndcg_at_20": 0.37827,
            "ndcg_at_50": 0.41473,
            "ndcg_at_100": 0.43926,
            "map_at_1": 0.15015,
            "map_at_3": 0.21817,
            "map_at_5": 0.23947,
            "map_at_10": 0.26208,
            "map_at_20": 0.27742,
            "map_at_50": 0.28856,
            "map_at_100": 0.29368,
            "recall_at_1": 0.15015,
            "recall_at_3": 0.26662,
            "recall_at_5": 0.32128,
            "recall_at_10": 0.40753,
            "recall_at_20": 0.50094,
            "recall_at_50": 0.62108,
            "recall_at_100": 0.70604,
            "precision_at_1": 0.30978,
            "precision_at_3": 0.21849,
            "precision_at_5": 0.17656,
            "precision_at_10": 0.1258,
            "precision_at_20": 0.08566,
            "precision_at_50": 0.0484,
            "precision_at_100": 0.03097,
            "mrr_at_1": 0.3127208480565371,
            "mrr_at_3": 0.3900667451904203,
            "mrr_at_5": 0.4080585001963101,
            "mrr_at_10": 0.4233334735543222,
            "mrr_at_20": 0.4295692298591363,
            "mrr_at_50": 0.43244022053538944,
            "mrr_at_100": 0.43306954958160243,
            "naucs_at_1_max": 0.1898968945685428,
            "naucs_at_1_std": 0.0010166278766818074,
            "naucs_at_1_diff1": 0.4161266724961226,
            "naucs_at_3_max": 0.14966661577974968,
            "naucs_at_3_std": -0.017849443134799962,
            "naucs_at_3_diff1": 0.20612116460041724,
            "naucs_at_5_max": 0.14818945217864485,
            "naucs_at_5_std": -0.0070385705030281956,
            "naucs_at_5_diff1": 0.14759977620471693,
            "naucs_at_10_max": 0.13467279271773477,
            "naucs_at_10_std": 0.0036821534784780897,
            "naucs_at_10_diff1": 0.05348862087485507,
            "naucs_at_20_max": 0.12897848871077253,
            "naucs_at_20_std": 0.02589912388996348,
            "naucs_at_20_diff1": 0.0013253857823829927,
            "naucs_at_50_max": 0.09329595000661453,
            "naucs_at_50_std": 0.04007095296802601,
            "naucs_at_50_diff1": -0.03847629728577126,
            "naucs_at_100_max": 0.05878840683045367,
            "naucs_at_100_std": 0.043883706706626814,
            "naucs_at_100_diff1": -0.049343924402141394
        }
    }
}