{
    "metadata": {
        "timestamp": "2026-01-18T06:52:28.153665",
        "vidore_benchmark_version": "5.0.0"
    },
    "metrics": {
        "vidore/syntheticDocQA_government_reports_test": {
            "ndcg_at_1": 0.88,
            "ndcg_at_3": 0.92655,
            "ndcg_at_5": 0.93516,
            "ndcg_at_10": 0.93872,
            "ndcg_at_20": 0.93872,
            "ndcg_at_50": 0.94088,
            "ndcg_at_100": 0.94088,
            "map_at_1": 0.88,
            "map_at_3": 0.915,
            "map_at_5": 0.92,
            "map_at_10": 0.92167,
            "map_at_20": 0.92167,
            "map_at_50": 0.92208,
            "map_at_100": 0.92208,
            "recall_at_1": 0.88,
            "recall_at_3": 0.96,
            "recall_at_5": 0.98,
            "recall_at_10": 0.99,
            "recall_at_20": 0.99,
            "recall_at_50": 1.0,
            "recall_at_100": 1.0,
            "precision_at_1": 0.88,
            "precision_at_3": 0.32,
            "precision_at_5": 0.196,
            "precision_at_10": 0.099,
            "precision_at_20": 0.0495,
            "precision_at_50": 0.02,
            "precision_at_100": 0.01,
            "mrr_at_1": 0.89,
            "mrr_at_3": 0.92,
            "mrr_at_5": 0.925,
            "mrr_at_10": 0.9266666666666665,
            "mrr_at_20": 0.9266666666666665,
            "mrr_at_50": 0.9270833333333333,
            "mrr_at_100": 0.9270833333333333,
            "naucs_at_1_max": 0.2697661469933189,
            "naucs_at_1_std": -0.1632198536430158,
            "naucs_at_1_diff1": 0.9035555202036274,
            "naucs_at_3_max": 0.24556489262371492,
            "naucs_at_3_std": -0.3085901027077491,
            "naucs_at_3_diff1": 0.9019607843137251,
            "naucs_at_5_max": 1.0,
            "naucs_at_5_std": -0.8085901027077421,
            "naucs_at_5_diff1": 0.9346405228758136,
            "naucs_at_10_max": 1.0,
            "naucs_at_10_std": -1.7399626517273863,
            "naucs_at_10_diff1": 1.0,
            "naucs_at_20_max": 1.0,
            "naucs_at_20_std": -1.7399626517273863,
            "naucs_at_20_diff1": 1.0,
            "naucs_at_50_max": null,
            "naucs_at_50_std": null,
            "naucs_at_50_diff1": null,
            "naucs_at_100_max": null,
            "naucs_at_100_std": null,
            "naucs_at_100_diff1": null
        }
    }
}