{
    "metadata": {
        "timestamp": "2026-01-17T23:32:34.779626",
        "vidore_benchmark_version": "5.0.0"
    },
    "metrics": {
        "vidore/esg_reports_human_labeled_v2": {
            "ndcg_at_1": 0.48718,
            "ndcg_at_3": 0.4858,
            "ndcg_at_5": 0.53714,
            "ndcg_at_10": 0.5617,
            "ndcg_at_20": 0.58534,
            "ndcg_at_50": 0.60868,
            "ndcg_at_100": 0.6206,
            "map_at_1": 0.30065,
            "map_at_3": 0.40273,
            "map_at_5": 0.45284,
            "map_at_10": 0.47406,
            "map_at_20": 0.48429,
            "map_at_50": 0.4917,
            "map_at_100": 0.49353,
            "recall_at_1": 0.30065,
            "recall_at_3": 0.46603,
            "recall_at_5": 0.61603,
            "recall_at_10": 0.69328,
            "recall_at_20": 0.77373,
            "recall_at_50": 0.85456,
            "recall_at_100": 0.9124,
            "precision_at_1": 0.5,
            "precision_at_3": 0.28846,
            "precision_at_5": 0.23462,
            "precision_at_10": 0.13846,
            "precision_at_20": 0.07981,
            "precision_at_50": 0.03808,
            "precision_at_100": 0.02058,
            "mrr_at_1": 0.5384615384615384,
            "mrr_at_3": 0.592948717948718,
            "mrr_at_5": 0.6189102564102564,
            "mrr_at_10": 0.6299908424908426,
            "mrr_at_20": 0.6317390942390942,
            "mrr_at_50": 0.6350076780103955,
            "mrr_at_100": 0.6356074948602123,
            "naucs_at_1_max": 0.2847474051849878,
            "naucs_at_1_std": 0.17049489682225707,
            "naucs_at_1_diff1": 0.4058375340410245,
            "naucs_at_3_max": 0.18859113706949424,
            "naucs_at_3_std": 0.1151090005035426,
            "naucs_at_3_diff1": -0.0001639109022975381,
            "naucs_at_5_max": 0.34169219889418484,
            "naucs_at_5_std": 0.23069771962322486,
            "naucs_at_5_diff1": -0.11095328946143555,
            "naucs_at_10_max": 0.426751420910681,
            "naucs_at_10_std": 0.23443622371834597,
            "naucs_at_10_diff1": -0.17780239580247528,
            "naucs_at_20_max": 0.3697182838468573,
            "naucs_at_20_std": 0.16532155180391622,
            "naucs_at_20_diff1": -0.19110410095832306,
            "naucs_at_50_max": 0.3458085114109553,
            "naucs_at_50_std": 0.21818668804329758,
            "naucs_at_50_diff1": -0.20935192709624734,
            "naucs_at_100_max": 0.3062955534844055,
            "naucs_at_100_std": 0.19345305761479215,
            "naucs_at_100_diff1": -0.2440837194629938
        }
    }
}