{
    "metadata": {
        "timestamp": "2026-01-24T19:36:58.867060",
        "vidore_benchmark_version": "5.0.0"
    },
    "metrics": {
        "vidore/vidore_v3_energy": {
            "ndcg_at_1": 0.37527,
            "ndcg_at_3": 0.42847,
            "ndcg_at_5": 0.45965,
            "ndcg_at_10": 0.49863,
            "ndcg_at_20": 0.52884,
            "ndcg_at_50": 0.56144,
            "ndcg_at_100": 0.57881,
            "map_at_1": 0.22039,
            "map_at_3": 0.32357,
            "map_at_5": 0.35781,
            "map_at_10": 0.38847,
            "map_at_20": 0.40509,
            "map_at_50": 0.4168,
            "map_at_100": 0.42114,
            "recall_at_1": 0.22039,
            "recall_at_3": 0.40984,
            "recall_at_5": 0.50413,
            "recall_at_10": 0.62864,
            "recall_at_20": 0.72524,
            "recall_at_50": 0.83642,
            "recall_at_100": 0.90874,
            "precision_at_1": 0.39448,
            "precision_at_3": 0.27417,
            "precision_at_5": 0.21807,
            "precision_at_10": 0.14859,
            "precision_at_20": 0.09464,
            "precision_at_50": 0.04973,
            "precision_at_100": 0.02911,
            "mrr_at_1": 0.39826839826839827,
            "mrr_at_3": 0.5045093795093804,
            "mrr_at_5": 0.5256403318903337,
            "mrr_at_10": 0.5415657424586006,
            "mrr_at_20": 0.5467293431004318,
            "mrr_at_50": 0.5484688417473473,
            "mrr_at_100": 0.5486923125173654,
            "naucs_at_1_max": 0.06624159527958148,
            "naucs_at_1_std": -0.13182982675567717,
            "naucs_at_1_diff1": 0.35209984436102526,
            "naucs_at_3_max": 0.057066188758709196,
            "naucs_at_3_std": -0.14014287845030562,
            "naucs_at_3_diff1": 0.1599032544172542,
            "naucs_at_5_max": 0.042631805044403406,
            "naucs_at_5_std": -0.15870971971990708,
            "naucs_at_5_diff1": 0.10583862929730796,
            "naucs_at_10_max": 0.022494906973351818,
            "naucs_at_10_std": -0.1516366809710436,
            "naucs_at_10_diff1": -0.00016560241486978966,
            "naucs_at_20_max": 0.013994855145259348,
            "naucs_at_20_std": -0.12407945435144623,
            "naucs_at_20_diff1": -0.049991548840776306,
            "naucs_at_50_max": 0.022348985833140007,
            "naucs_at_50_std": -0.07124408465434282,
            "naucs_at_50_diff1": -0.11160924259965294,
            "naucs_at_100_max": 0.023734360106538142,
            "naucs_at_100_std": -0.03606933051901125,
            "naucs_at_100_diff1": -0.1310450056106328
        }
    }
}