{
    "metadata": {
        "timestamp": "2026-01-20T20:57:33.382850",
        "vidore_benchmark_version": "5.0.0"
    },
    "metrics": {
        "vidore/biomedical_lectures_v2": {
            "ndcg_at_1": 0.46719,
            "ndcg_at_3": 0.47745,
            "ndcg_at_5": 0.49313,
            "ndcg_at_10": 0.52659,
            "ndcg_at_20": 0.55839,
            "ndcg_at_50": 0.59309,
            "ndcg_at_100": 0.60908,
            "map_at_1": 0.27627,
            "map_at_3": 0.38036,
            "map_at_5": 0.40917,
            "map_at_10": 0.43643,
            "map_at_20": 0.45072,
            "map_at_50": 0.46106,
            "map_at_100": 0.46445,
            "recall_at_1": 0.27627,
            "recall_at_3": 0.45103,
            "recall_at_5": 0.52638,
            "recall_at_10": 0.63116,
            "recall_at_20": 0.72707,
            "recall_at_50": 0.84218,
            "recall_at_100": 0.90234,
            "precision_at_1": 0.46719,
            "precision_at_3": 0.29427,
            "precision_at_5": 0.22219,
            "precision_at_10": 0.14422,
            "precision_at_20": 0.08922,
            "precision_at_50": 0.04566,
            "precision_at_100": 0.02611,
            "mrr_at_1": 0.471875,
            "mrr_at_3": 0.5554687499999995,
            "mrr_at_5": 0.5734374999999992,
            "mrr_at_10": 0.5841028025793644,
            "mrr_at_20": 0.5893116742675315,
            "mrr_at_50": 0.5913199521952871,
            "mrr_at_100": 0.591418451486456,
            "naucs_at_1_max": 0.23315556671599663,
            "naucs_at_1_std": -0.06596369609112418,
            "naucs_at_1_diff1": 0.454622172183195,
            "naucs_at_3_max": 0.19294054799281962,
            "naucs_at_3_std": -0.0706808328483103,
            "naucs_at_3_diff1": 0.1786277901479795,
            "naucs_at_5_max": 0.15129686456997704,
            "naucs_at_5_std": -0.07153813276473941,
            "naucs_at_5_diff1": 0.08275057267580083,
            "naucs_at_10_max": 0.11490457832715617,
            "naucs_at_10_std": -0.09033514879221607,
            "naucs_at_10_diff1": 0.02432041761121647,
            "naucs_at_20_max": 0.07186911394144078,
            "naucs_at_20_std": -0.08500989972536178,
            "naucs_at_20_diff1": -0.05131468111797543,
            "naucs_at_50_max": 0.004295846432225333,
            "naucs_at_50_std": -0.06290216781613907,
            "naucs_at_50_diff1": -0.12358629801555321,
            "naucs_at_100_max": -0.019287246252117855,
            "naucs_at_100_std": -0.051905817234744016,
            "naucs_at_100_diff1": -0.15489123260397225
        }
    }
}