{
    "metadata": {
        "timestamp": "2026-01-21T00:50:51.339954",
        "vidore_benchmark_version": "5.0.0"
    },
    "metrics": {
        "vidore/docvqa_test_subsampled": {
            "ndcg_at_1": 0.39024,
            "ndcg_at_3": 0.46803,
            "ndcg_at_5": 0.49485,
            "ndcg_at_10": 0.51894,
            "ndcg_at_20": 0.53337,
            "ndcg_at_50": 0.55176,
            "ndcg_at_100": 0.56078,
            "map_at_1": 0.39024,
            "map_at_3": 0.44826,
            "map_at_5": 0.46334,
            "map_at_10": 0.47312,
            "map_at_20": 0.47699,
            "map_at_50": 0.47991,
            "map_at_100": 0.48071,
            "recall_at_1": 0.39024,
            "recall_at_3": 0.5255,
            "recall_at_5": 0.5898,
            "recall_at_10": 0.66519,
            "recall_at_20": 0.72284,
            "recall_at_50": 0.81596,
            "recall_at_100": 0.8714,
            "precision_at_1": 0.39024,
            "precision_at_3": 0.17517,
            "precision_at_5": 0.11796,
            "precision_at_10": 0.06652,
            "precision_at_20": 0.03614,
            "precision_at_50": 0.01632,
            "precision_at_100": 0.00871,
            "mrr_at_1": 0.3902439024390244,
            "mrr_at_3": 0.44752402069475256,
            "mrr_at_5": 0.4622690317812271,
            "mrr_at_10": 0.4726674409601239,
            "mrr_at_20": 0.47631144791342644,
            "mrr_at_50": 0.47932951988902395,
            "mrr_at_100": 0.4801520558007226,
            "naucs_at_1_max": 0.3781533575336265,
            "naucs_at_1_std": 0.3107107491521462,
            "naucs_at_1_diff1": 0.6987928025394358,
            "naucs_at_3_max": 0.4043800932327606,
            "naucs_at_3_std": 0.3828702725467809,
            "naucs_at_3_diff1": 0.6298124634568301,
            "naucs_at_5_max": 0.43984600432849613,
            "naucs_at_5_std": 0.44222548862511424,
            "naucs_at_5_diff1": 0.5691145694202535,
            "naucs_at_10_max": 0.5336568189679911,
            "naucs_at_10_std": 0.506085793332377,
            "naucs_at_10_diff1": 0.5693158309802036,
            "naucs_at_20_max": 0.575809129617694,
            "naucs_at_20_std": 0.5661371007635112,
            "naucs_at_20_diff1": 0.5499609018719998,
            "naucs_at_50_max": 0.5413130670482293,
            "naucs_at_50_std": 0.7171591742710336,
            "naucs_at_50_diff1": 0.5051930391651364,
            "naucs_at_100_max": 0.6577526366736888,
            "naucs_at_100_std": 0.8624656648304893,
            "naucs_at_100_diff1": 0.5204582865012313
        }
    }
}