{
    "metadata": {
        "timestamp": "2026-01-21T00:25:00.579175",
        "vidore_benchmark_version": "5.0.0"
    },
    "metrics": {
        "vidore/arxivqa_test_subsampled": {
            "ndcg_at_1": 0.658,
            "ndcg_at_3": 0.72852,
            "ndcg_at_5": 0.74487,
            "ndcg_at_10": 0.75885,
            "ndcg_at_20": 0.76928,
            "ndcg_at_50": 0.78307,
            "ndcg_at_100": 0.78474,
            "map_at_1": 0.658,
            "map_at_3": 0.712,
            "map_at_5": 0.721,
            "map_at_10": 0.72662,
            "map_at_20": 0.72964,
            "map_at_50": 0.73197,
            "map_at_100": 0.73213,
            "recall_at_1": 0.658,
            "recall_at_3": 0.776,
            "recall_at_5": 0.816,
            "recall_at_10": 0.86,
            "recall_at_20": 0.9,
            "recall_at_50": 0.968,
            "recall_at_100": 0.978,
            "precision_at_1": 0.658,
            "precision_at_3": 0.25867,
            "precision_at_5": 0.1632,
            "precision_at_10": 0.086,
            "precision_at_20": 0.045,
            "precision_at_50": 0.01936,
            "precision_at_100": 0.00978,
            "mrr_at_1": 0.662,
            "mrr_at_3": 0.7129999999999997,
            "mrr_at_5": 0.7225999999999998,
            "mrr_at_10": 0.7285468253968251,
            "mrr_at_20": 0.7313398914810675,
            "mrr_at_50": 0.7336537805974374,
            "mrr_at_100": 0.7338364405599849,
            "naucs_at_1_max": 0.5355845237819735,
            "naucs_at_1_std": -0.19050043474379913,
            "naucs_at_1_diff1": 0.8277786410206397,
            "naucs_at_3_max": 0.545638222010934,
            "naucs_at_3_std": -0.19711652739938973,
            "naucs_at_3_diff1": 0.7378590627342706,
            "naucs_at_5_max": 0.556307473125243,
            "naucs_at_5_std": -0.18965052022622456,
            "naucs_at_5_diff1": 0.7224236929585982,
            "naucs_at_10_max": 0.5175072744907847,
            "naucs_at_10_std": -0.19695857004295403,
            "naucs_at_10_diff1": 0.674061244284329,
            "naucs_at_20_max": 0.5377777777777772,
            "naucs_at_20_std": -0.05836601307189425,
            "naucs_at_20_diff1": 0.6021755368814203,
            "naucs_at_50_max": 0.5841211484593894,
            "naucs_at_50_std": 0.14659197012138794,
            "naucs_at_50_diff1": 0.5568394024276387,
            "naucs_at_100_max": 0.5311094134623551,
            "naucs_at_100_std": 0.25490196078430555,
            "naucs_at_100_diff1": 0.5459213988625689
        }
    }
}