{
    "metadata": {
        "timestamp": "2026-01-20T23:10:16.894429",
        "vidore_benchmark_version": "5.0.0"
    },
    "metrics": {
        "vidore/economics_reports_eng_v2": {
            "ndcg_at_1": 0.65517,
            "ndcg_at_3": 0.56749,
            "ndcg_at_5": 0.52336,
            "ndcg_at_10": 0.51601,
            "ndcg_at_20": 0.5431,
            "ndcg_at_50": 0.61252,
            "ndcg_at_100": 0.65864,
            "map_at_1": 0.06474,
            "map_at_3": 0.14497,
            "map_at_5": 0.18735,
            "map_at_10": 0.25319,
            "map_at_20": 0.30752,
            "map_at_50": 0.3682,
            "map_at_100": 0.39866,
            "recall_at_1": 0.06474,
            "recall_at_3": 0.2028,
            "recall_at_5": 0.27448,
            "recall_at_10": 0.40615,
            "recall_at_20": 0.56331,
            "recall_at_50": 0.76582,
            "recall_at_100": 0.91277,
            "precision_at_1": 0.65517,
            "precision_at_3": 0.51724,
            "precision_at_5": 0.44828,
            "precision_at_10": 0.38448,
            "precision_at_20": 0.29828,
            "precision_at_50": 0.19276,
            "precision_at_100": 0.12707,
            "mrr_at_1": 0.6379310344827587,
            "mrr_at_3": 0.7442528735632183,
            "mrr_at_5": 0.7563218390804598,
            "mrr_at_10": 0.7584770114942528,
            "mrr_at_20": 0.7607040229885057,
            "mrr_at_50": 0.7607040229885057,
            "mrr_at_100": 0.7609913793103449,
            "naucs_at_1_max": 0.30034991593134275,
            "naucs_at_1_std": 0.35356199424797635,
            "naucs_at_1_diff1": 0.20573130245097748,
            "naucs_at_3_max": 0.41374644452182296,
            "naucs_at_3_std": 0.38493551219718225,
            "naucs_at_3_diff1": 0.0047428139990818045,
            "naucs_at_5_max": 0.43974662223699695,
            "naucs_at_5_std": 0.3081956274571112,
            "naucs_at_5_diff1": -0.023410919063724212,
            "naucs_at_10_max": 0.33675065736580817,
            "naucs_at_10_std": 0.27684135640995317,
            "naucs_at_10_diff1": -0.057415209309668695,
            "naucs_at_20_max": 0.397799921777107,
            "naucs_at_20_std": 0.3858008282966374,
            "naucs_at_20_diff1": 0.012350703060318227,
            "naucs_at_50_max": 0.3416550832906335,
            "naucs_at_50_std": 0.4629009865249441,
            "naucs_at_50_diff1": 0.03364101079219296,
            "naucs_at_100_max": 0.31059682147799617,
            "naucs_at_100_std": 0.4669512965117992,
            "naucs_at_100_diff1": 0.024342958815145286
        }
    }
}