{
    "metadata": {
        "timestamp": "2026-01-24T03:18:11.451908",
        "vidore_benchmark_version": "5.0.0"
    },
    "metrics": {
        "vidore/vidore_v3_pharmaceuticals": {
            "ndcg_at_1": 0.41644,
            "ndcg_at_3": 0.42777,
            "ndcg_at_5": 0.43591,
            "ndcg_at_10": 0.45896,
            "ndcg_at_20": 0.4964,
            "ndcg_at_50": 0.53457,
            "ndcg_at_100": 0.55535,
            "map_at_1": 0.20656,
            "map_at_3": 0.29274,
            "map_at_5": 0.32005,
            "map_at_10": 0.35164,
            "map_at_20": 0.37492,
            "map_at_50": 0.38895,
            "map_at_100": 0.39373,
            "recall_at_1": 0.20656,
            "recall_at_3": 0.34603,
            "recall_at_5": 0.41478,
            "recall_at_10": 0.52218,
            "recall_at_20": 0.63493,
            "recall_at_50": 0.75308,
            "recall_at_100": 0.83141,
            "precision_at_1": 0.43132,
            "precision_at_3": 0.29396,
            "precision_at_5": 0.23379,
            "precision_at_10": 0.16754,
            "precision_at_20": 0.11397,
            "precision_at_50": 0.05992,
            "precision_at_100": 0.03492,
            "mrr_at_1": 0.43864468864468864,
            "mrr_at_3": 0.5227411477411482,
            "mrr_at_5": 0.5405982905982916,
            "mrr_at_10": 0.5547475507296942,
            "mrr_at_20": 0.5601449789459056,
            "mrr_at_50": 0.5620285233786988,
            "mrr_at_100": 0.5624344027424274,
            "naucs_at_1_max": 0.03345300197249112,
            "naucs_at_1_std": -0.18138896196125742,
            "naucs_at_1_diff1": 0.39876233551888235,
            "naucs_at_3_max": 0.06954371749331703,
            "naucs_at_3_std": -0.15663388864447325,
            "naucs_at_3_diff1": 0.13033201862447166,
            "naucs_at_5_max": 0.10021902983716395,
            "naucs_at_5_std": -0.12094723209920406,
            "naucs_at_5_diff1": 0.0717052256226272,
            "naucs_at_10_max": 0.14736263675188963,
            "naucs_at_10_std": -0.06549934000388581,
            "naucs_at_10_diff1": -0.002604939548248774,
            "naucs_at_20_max": 0.17071577742360047,
            "naucs_at_20_std": -0.02648237763092358,
            "naucs_at_20_diff1": -0.0632748478011633,
            "naucs_at_50_max": 0.195575751110101,
            "naucs_at_50_std": 0.036035571649498485,
            "naucs_at_50_diff1": -0.10795838463841673,
            "naucs_at_100_max": 0.20787502188223675,
            "naucs_at_100_std": 0.09631347823498461,
            "naucs_at_100_diff1": -0.12991277787689406
        }
    }
}