{
    "metadata": {
        "timestamp": "2026-01-21T04:11:12.747448",
        "vidore_benchmark_version": "5.0.0"
    },
    "metrics": {
        "vidore/tatdqa_test": {
            "ndcg_at_1": 0.35844,
            "ndcg_at_3": 0.47263,
            "ndcg_at_5": 0.51161,
            "ndcg_at_10": 0.55215,
            "ndcg_at_20": 0.57758,
            "ndcg_at_50": 0.59168,
            "ndcg_at_100": 0.59603,
            "map_at_1": 0.35844,
            "map_at_3": 0.44431,
            "map_at_5": 0.46591,
            "map_at_10": 0.48255,
            "map_at_20": 0.48966,
            "map_at_50": 0.49202,
            "map_at_100": 0.49241,
            "recall_at_1": 0.35844,
            "recall_at_3": 0.55468,
            "recall_at_5": 0.64945,
            "recall_at_10": 0.77521,
            "recall_at_20": 0.87485,
            "recall_at_50": 0.94471,
            "recall_at_100": 0.97145,
            "precision_at_1": 0.35844,
            "precision_at_3": 0.18489,
            "precision_at_5": 0.12989,
            "precision_at_10": 0.07752,
            "precision_at_20": 0.04374,
            "precision_at_50": 0.01889,
            "precision_at_100": 0.00971,
            "mrr_at_1": 0.35905224787363305,
            "mrr_at_3": 0.4449169704333744,
            "mrr_at_5": 0.4657857432158782,
            "mrr_at_10": 0.4826409381087399,
            "mrr_at_20": 0.4900263760151849,
            "mrr_at_50": 0.4923432918424508,
            "mrr_at_100": 0.49273521603275794,
            "naucs_at_1_max": 0.09564989207221619,
            "naucs_at_1_std": -0.12741226968673075,
            "naucs_at_1_diff1": 0.5240323679166891,
            "naucs_at_3_max": 0.13359798339204898,
            "naucs_at_3_std": -0.11306826042248352,
            "naucs_at_3_diff1": 0.37924733506430214,
            "naucs_at_5_max": 0.18125068482922585,
            "naucs_at_5_std": -0.040133396724886035,
            "naucs_at_5_diff1": 0.37091076013074376,
            "naucs_at_10_max": 0.32584962027590986,
            "naucs_at_10_std": 0.0996877097308139,
            "naucs_at_10_diff1": 0.3025863664172002,
            "naucs_at_20_max": 0.4371431440090088,
            "naucs_at_20_std": 0.3216633680007523,
            "naucs_at_20_diff1": 0.2657477161794546,
            "naucs_at_50_max": 0.6271556996904939,
            "naucs_at_50_std": 0.5138267578483061,
            "naucs_at_50_diff1": 0.3189664988773523,
            "naucs_at_100_max": 0.7897646418301921,
            "naucs_at_100_std": 0.7279877650281984,
            "naucs_at_100_diff1": 0.4494838972817859
        }
    }
}