{
    "metadata": {
        "timestamp": "2026-01-21T02:21:49.153872",
        "vidore_benchmark_version": "5.0.0"
    },
    "metrics": {
        "vidore/shiftproject_test": {
            "ndcg_at_1": 0.44,
            "ndcg_at_3": 0.57333,
            "ndcg_at_5": 0.62625,
            "ndcg_at_10": 0.64486,
            "ndcg_at_20": 0.65768,
            "ndcg_at_50": 0.66953,
            "ndcg_at_100": 0.66953,
            "map_at_1": 0.44,
            "map_at_3": 0.54,
            "map_at_5": 0.569,
            "map_at_10": 0.57622,
            "map_at_20": 0.57984,
            "map_at_50": 0.58171,
            "map_at_100": 0.58171,
            "recall_at_1": 0.44,
            "recall_at_3": 0.67,
            "recall_at_5": 0.8,
            "recall_at_10": 0.86,
            "recall_at_20": 0.91,
            "recall_at_50": 0.97,
            "recall_at_100": 0.97,
            "precision_at_1": 0.44,
            "precision_at_3": 0.22333,
            "precision_at_5": 0.16,
            "precision_at_10": 0.086,
            "precision_at_20": 0.0455,
            "precision_at_50": 0.0194,
            "precision_at_100": 0.0097,
            "mrr_at_1": 0.46,
            "mrr_at_3": 0.555,
            "mrr_at_5": 0.5845000000000001,
            "mrr_at_10": 0.590607142857143,
            "mrr_at_20": 0.5942541614732019,
            "mrr_at_50": 0.596157423550377,
            "mrr_at_100": 0.5962615902170437,
            "naucs_at_1_max": -0.0984888030484938,
            "naucs_at_1_std": -0.3060239077099754,
            "naucs_at_1_diff1": 0.46306833011431847,
            "naucs_at_3_max": -0.2383741599092613,
            "naucs_at_3_std": -0.43584838584076707,
            "naucs_at_3_diff1": 0.2720285757816866,
            "naucs_at_5_max": -0.04095904095904013,
            "naucs_at_5_std": -0.3605144855144849,
            "naucs_at_5_diff1": 0.3302447552447542,
            "naucs_at_10_max": -0.20032562006373522,
            "naucs_at_10_std": -0.509595399750586,
            "naucs_at_10_diff1": 0.4663294997921579,
            "naucs_at_20_max": 0.07407407407407482,
            "naucs_at_20_std": -0.42405851229380537,
            "naucs_at_20_diff1": 0.46763149704326124,
            "naucs_at_50_max": -0.5308123249299683,
            "naucs_at_50_std": -1.217086834733889,
            "naucs_at_50_diff1": 0.18160597572362006,
            "naucs_at_100_max": -0.5308123249299683,
            "naucs_at_100_std": -1.217086834733889,
            "naucs_at_100_diff1": 0.18160597572362006
        }
    }
}