{
    "metadata": {
        "timestamp": "2026-01-24T03:12:50.739690",
        "vidore_benchmark_version": "5.0.0"
    },
    "metrics": {
        "vidore/vidore_v3_computer_science": {
            "ndcg_at_1": 0.53876,
            "ndcg_at_3": 0.52433,
            "ndcg_at_5": 0.53154,
            "ndcg_at_10": 0.5528,
            "ndcg_at_20": 0.59753,
            "ndcg_at_50": 0.64099,
            "ndcg_at_100": 0.65864,
            "map_at_1": 0.21885,
            "map_at_3": 0.34168,
            "map_at_5": 0.38899,
            "map_at_10": 0.43068,
            "map_at_20": 0.46309,
            "map_at_50": 0.48299,
            "map_at_100": 0.48769,
            "recall_at_1": 0.21885,
            "recall_at_3": 0.39493,
            "recall_at_5": 0.48235,
            "recall_at_10": 0.5885,
            "recall_at_20": 0.70909,
            "recall_at_50": 0.83767,
            "recall_at_100": 0.90334,
            "precision_at_1": 0.5938,
            "precision_at_3": 0.42171,
            "precision_at_5": 0.33891,
            "precision_at_10": 0.22806,
            "precision_at_20": 0.1524,
            "precision_at_50": 0.07767,
            "precision_at_100": 0.04286,
            "mrr_at_1": 0.5968992248062015,
            "mrr_at_3": 0.6839793281653754,
            "mrr_at_5": 0.6980878552971587,
            "mrr_at_10": 0.7046493170911783,
            "mrr_at_20": 0.7078016974165914,
            "mrr_at_50": 0.7084124303624983,
            "mrr_at_100": 0.7086301866728479,
            "naucs_at_1_max": 0.2709536202015681,
            "naucs_at_1_std": 0.014909669179219678,
            "naucs_at_1_diff1": 0.3669234055873272,
            "naucs_at_3_max": 0.3549176360215775,
            "naucs_at_3_std": 0.07506025719717964,
            "naucs_at_3_diff1": 0.06624998128658476,
            "naucs_at_5_max": 0.3611156418804474,
            "naucs_at_5_std": 0.09880709968684831,
            "naucs_at_5_diff1": -0.04573731690053985,
            "naucs_at_10_max": 0.3527329038704589,
            "naucs_at_10_std": 0.10264478494748888,
            "naucs_at_10_diff1": -0.10502187889654915,
            "naucs_at_20_max": 0.2999365422786599,
            "naucs_at_20_std": 0.0772670773528007,
            "naucs_at_20_diff1": -0.17294106624902628,
            "naucs_at_50_max": 0.2111859784221713,
            "naucs_at_50_std": 0.052499091726411214,
            "naucs_at_50_diff1": -0.2068846698934167,
            "naucs_at_100_max": 0.17201012441832395,
            "naucs_at_100_std": 0.05274492783631076,
            "naucs_at_100_diff1": -0.21997356077438251
        }
    }
}