{
    "metadata": {
        "timestamp": "2026-01-24T14:24:06.882772",
        "vidore_benchmark_version": "5.0.0"
    },
    "metrics": {
        "vidore/vidore_v3_industrial": {
            "ndcg_at_1": 0.20082,
            "ndcg_at_3": 0.22419,
            "ndcg_at_5": 0.23354,
            "ndcg_at_10": 0.25076,
            "ndcg_at_20": 0.27274,
            "ndcg_at_50": 0.3073,
            "ndcg_at_100": 0.33145,
            "map_at_1": 0.10054,
            "map_at_3": 0.14784,
            "map_at_5": 0.16278,
            "map_at_10": 0.17867,
            "map_at_20": 0.1886,
            "map_at_50": 0.19734,
            "map_at_100": 0.20124,
            "recall_at_1": 0.10054,
            "recall_at_3": 0.19224,
            "recall_at_5": 0.23689,
            "recall_at_10": 0.30347,
            "recall_at_20": 0.37533,
            "recall_at_50": 0.49545,
            "recall_at_100": 0.59043,
            "precision_at_1": 0.21614,
            "precision_at_3": 0.15607,
            "precision_at_5": 0.12509,
            "precision_at_10": 0.08999,
            "precision_at_20": 0.06116,
            "precision_at_50": 0.03612,
            "precision_at_100": 0.02356,
            "mrr_at_1": 0.21790341578327443,
            "mrr_at_3": 0.29250098154691745,
            "mrr_at_5": 0.3078131134668231,
            "mrr_at_10": 0.32109578028305913,
            "mrr_at_20": 0.3277406696305542,
            "mrr_at_50": 0.331929122578699,
            "mrr_at_100": 0.3329744679030899,
            "naucs_at_1_max": 0.1626039333577524,
            "naucs_at_1_std": 0.012831958365119711,
            "naucs_at_1_diff1": 0.262239270548974,
            "naucs_at_3_max": 0.23161587909769182,
            "naucs_at_3_std": 0.040081470084267865,
            "naucs_at_3_diff1": 0.1661227487298903,
            "naucs_at_5_max": 0.22338817798716956,
            "naucs_at_5_std": 0.022367997806497536,
            "naucs_at_5_diff1": 0.137175255597534,
            "naucs_at_10_max": 0.20994698530492387,
            "naucs_at_10_std": 0.02817304906908315,
            "naucs_at_10_diff1": 0.07985274614121106,
            "naucs_at_20_max": 0.18225414453696528,
            "naucs_at_20_std": 0.01173239525401702,
            "naucs_at_20_diff1": 0.05434656950944109,
            "naucs_at_50_max": 0.17433932390890747,
            "naucs_at_50_std": 0.0376340905296231,
            "naucs_at_50_diff1": 0.04398252558826446,
            "naucs_at_100_max": 0.1551230815121727,
            "naucs_at_100_std": 0.046552716500448565,
            "naucs_at_100_diff1": 0.02285769548995471
        }
    }
}