{
    "metadata": {
        "timestamp": "2026-01-21T02:21:41.607293",
        "vidore_benchmark_version": "5.0.0"
    },
    "metrics": {
        "vidore/syntheticDocQA_artificial_intelligence_test": {
            "ndcg_at_1": 0.73,
            "ndcg_at_3": 0.84333,
            "ndcg_at_5": 0.8472,
            "ndcg_at_10": 0.86307,
            "ndcg_at_20": 0.86769,
            "ndcg_at_50": 0.86769,
            "ndcg_at_100": 0.86769,
            "map_at_1": 0.73,
            "map_at_3": 0.81667,
            "map_at_5": 0.81867,
            "map_at_10": 0.82502,
            "map_at_20": 0.82608,
            "map_at_50": 0.82608,
            "map_at_100": 0.82608,
            "recall_at_1": 0.73,
            "recall_at_3": 0.92,
            "recall_at_5": 0.93,
            "recall_at_10": 0.98,
            "recall_at_20": 1.0,
            "recall_at_50": 1.0,
            "recall_at_100": 1.0,
            "precision_at_1": 0.73,
            "precision_at_3": 0.30667,
            "precision_at_5": 0.186,
            "precision_at_10": 0.098,
            "precision_at_20": 0.05,
            "precision_at_50": 0.02,
            "precision_at_100": 0.01,
            "mrr_at_1": 0.73,
            "mrr_at_3": 0.8166666666666665,
            "mrr_at_5": 0.8186666666666667,
            "mrr_at_10": 0.8253730158730157,
            "mrr_at_20": 0.8264256474519631,
            "mrr_at_50": 0.8264256474519631,
            "mrr_at_100": 0.8264256474519631,
            "naucs_at_1_max": 0.5344512374923824,
            "naucs_at_1_std": -0.011165936031768036,
            "naucs_at_1_diff1": 0.6624859934341152,
            "naucs_at_3_max": 0.7802871148459363,
            "naucs_at_3_std": 0.1491013071895421,
            "naucs_at_3_diff1": 0.6207983193277309,
            "naucs_at_5_max": 0.8406029078297989,
            "naucs_at_5_std": 0.19487795118047335,
            "naucs_at_5_diff1": 0.7339602507669744,
            "naucs_at_10_max": 0.8692810457516353,
            "naucs_at_10_std": 0.35807656395892185,
            "naucs_at_10_diff1": 0.42250233426704475,
            "naucs_at_20_max": 1.0,
            "naucs_at_20_std": 1.0,
            "naucs_at_20_diff1": 1.0,
            "naucs_at_50_max": null,
            "naucs_at_50_std": null,
            "naucs_at_50_diff1": null,
            "naucs_at_100_max": null,
            "naucs_at_100_std": null,
            "naucs_at_100_diff1": null
        }
    }
}