{
    "metadata": {
        "timestamp": "2026-01-21T01:28:09.270055",
        "vidore_benchmark_version": "5.0.0"
    },
    "metrics": {
        "vidore/tabfquad_test_subsampled": {
            "ndcg_at_1": 0.75357,
            "ndcg_at_3": 0.82908,
            "ndcg_at_5": 0.84644,
            "ndcg_at_10": 0.85686,
            "ndcg_at_20": 0.86342,
            "ndcg_at_50": 0.86638,
            "ndcg_at_100": 0.86698,
            "map_at_1": 0.75357,
            "map_at_3": 0.81071,
            "map_at_5": 0.82018,
            "map_at_10": 0.82449,
            "map_at_20": 0.82642,
            "map_at_50": 0.82695,
            "map_at_100": 0.82701,
            "recall_at_1": 0.75357,
            "recall_at_3": 0.88214,
            "recall_at_5": 0.925,
            "recall_at_10": 0.95714,
            "recall_at_20": 0.98214,
            "recall_at_50": 0.99643,
            "recall_at_100": 1.0,
            "precision_at_1": 0.75357,
            "precision_at_3": 0.29405,
            "precision_at_5": 0.185,
            "precision_at_10": 0.09571,
            "precision_at_20": 0.04911,
            "precision_at_50": 0.01993,
            "precision_at_100": 0.01,
            "mrr_at_1": 0.7535714285714286,
            "mrr_at_3": 0.8113095238095238,
            "mrr_at_5": 0.8202380952380951,
            "mrr_at_10": 0.8254336734693877,
            "mrr_at_20": 0.8270289676875533,
            "mrr_at_50": 0.8275611735769021,
            "mrr_at_100": 0.827618777263538,
            "naucs_at_1_max": 0.5601370412106814,
            "naucs_at_1_std": 0.0868381446495693,
            "naucs_at_1_diff1": 0.7272184113202695,
            "naucs_at_3_max": 0.7090176947723923,
            "naucs_at_3_std": 0.41950754842247906,
            "naucs_at_3_diff1": 0.7017723638253045,
            "naucs_at_5_max": 0.7353608109910637,
            "naucs_at_5_std": 0.5639144546707558,
            "naucs_at_5_diff1": 0.7249121870970602,
            "naucs_at_10_max": 0.7109788359788342,
            "naucs_at_10_std": 0.509103641456582,
            "naucs_at_10_diff1": 0.744592281356989,
            "naucs_at_20_max": 0.7007469654528454,
            "naucs_at_20_std": 0.4436041083099912,
            "naucs_at_20_diff1": 0.7810457516339837,
            "naucs_at_50_max": 0.3580765639589003,
            "naucs_at_50_std": -0.5634920634920476,
            "naucs_at_50_diff1": 0.8692810457515607,
            "naucs_at_100_max": 1.0,
            "naucs_at_100_std": 1.0,
            "naucs_at_100_diff1": 1.0
        }
    }
}