{
    "metadata": {
        "timestamp": "2026-01-24T03:22:42.486744",
        "vidore_benchmark_version": "5.0.0"
    },
    "metrics": {
        "vidore/vidore_v3_finance_en": {
            "ndcg_at_1": 0.26672,
            "ndcg_at_3": 0.27063,
            "ndcg_at_5": 0.28041,
            "ndcg_at_10": 0.30288,
            "ndcg_at_20": 0.33255,
            "ndcg_at_50": 0.37147,
            "ndcg_at_100": 0.40038,
            "map_at_1": 0.12078,
            "map_at_3": 0.17872,
            "map_at_5": 0.19817,
            "map_at_10": 0.21637,
            "map_at_20": 0.22977,
            "map_at_50": 0.24036,
            "map_at_100": 0.24528,
            "recall_at_1": 0.12078,
            "recall_at_3": 0.22437,
            "recall_at_5": 0.27992,
            "recall_at_10": 0.35757,
            "recall_at_20": 0.44705,
            "recall_at_50": 0.57542,
            "recall_at_100": 0.69229,
            "precision_at_1": 0.27994,
            "precision_at_3": 0.19328,
            "precision_at_5": 0.15491,
            "precision_at_10": 0.10874,
            "precision_at_20": 0.07481,
            "precision_at_50": 0.04275,
            "precision_at_100": 0.02743,
            "mrr_at_1": 0.2777777777777778,
            "mrr_at_3": 0.35823444804027327,
            "mrr_at_5": 0.37778676734987426,
            "mrr_at_10": 0.39240316946627657,
            "mrr_at_20": 0.39851633098869044,
            "mrr_at_50": 0.4018000026957736,
            "mrr_at_100": 0.4028976841100677,
            "naucs_at_1_max": 0.2762121823298827,
            "naucs_at_1_std": -0.08593018519510695,
            "naucs_at_1_diff1": 0.3064771819036686,
            "naucs_at_3_max": 0.2663391447081602,
            "naucs_at_3_std": -0.05935995555338124,
            "naucs_at_3_diff1": 0.16462671109530777,
            "naucs_at_5_max": 0.22424165005995048,
            "naucs_at_5_std": -0.05685759967849525,
            "naucs_at_5_diff1": 0.10455037079985328,
            "naucs_at_10_max": 0.20092678322477545,
            "naucs_at_10_std": -0.05616158635768559,
            "naucs_at_10_diff1": 0.050964441587825794,
            "naucs_at_20_max": 0.16331285177024077,
            "naucs_at_20_std": -0.0249899709163313,
            "naucs_at_20_diff1": 0.0005247884967021193,
            "naucs_at_50_max": 0.1348740730272851,
            "naucs_at_50_std": 0.043837808930775254,
            "naucs_at_50_diff1": -0.04288213965294925,
            "naucs_at_100_max": 0.10307123124769879,
            "naucs_at_100_std": 0.0772170967520794,
            "naucs_at_100_diff1": -0.06570164754919162
        }
    }
}