{
    "metadata": {
        "timestamp": "2026-01-24T16:08:25.313331",
        "vidore_benchmark_version": "5.0.0"
    },
    "metrics": {
        "vidore/vidore_v3_energy": {
            "ndcg_at_1": 0.30141,
            "ndcg_at_3": 0.32106,
            "ndcg_at_5": 0.3532,
            "ndcg_at_10": 0.38773,
            "ndcg_at_20": 0.42076,
            "ndcg_at_50": 0.4523,
            "ndcg_at_100": 0.47285,
            "map_at_1": 0.17342,
            "map_at_3": 0.23505,
            "map_at_5": 0.26413,
            "map_at_10": 0.28829,
            "map_at_20": 0.30367,
            "map_at_50": 0.31376,
            "map_at_100": 0.31795,
            "recall_at_1": 0.17342,
            "recall_at_3": 0.29263,
            "recall_at_5": 0.38626,
            "recall_at_10": 0.49917,
            "recall_at_20": 0.6077,
            "recall_at_50": 0.72063,
            "recall_at_100": 0.80896,
            "precision_at_1": 0.32035,
            "precision_at_3": 0.2031,
            "precision_at_5": 0.16742,
            "precision_at_10": 0.11618,
            "precision_at_20": 0.07808,
            "precision_at_50": 0.0419,
            "precision_at_100": 0.02533,
            "mrr_at_1": 0.3203463203463203,
            "mrr_at_3": 0.4031385281385285,
            "mrr_at_5": 0.42697510822510937,
            "mrr_at_10": 0.4418504775647642,
            "mrr_at_20": 0.44759791755338846,
            "mrr_at_50": 0.45018473355993316,
            "mrr_at_100": 0.450881204296337,
            "naucs_at_1_max": 0.2083833080859985,
            "naucs_at_1_std": -0.025469981518828285,
            "naucs_at_1_diff1": 0.3333070516181939,
            "naucs_at_3_max": 0.18525481175748923,
            "naucs_at_3_std": -0.032472471765825656,
            "naucs_at_3_diff1": 0.17435508820283746,
            "naucs_at_5_max": 0.15440912729060613,
            "naucs_at_5_std": -0.07200553541839473,
            "naucs_at_5_diff1": 0.12487786181956788,
            "naucs_at_10_max": 0.10799781382700434,
            "naucs_at_10_std": -0.1211440992614918,
            "naucs_at_10_diff1": 0.07564956199008437,
            "naucs_at_20_max": 0.07185495815193386,
            "naucs_at_20_std": -0.12110176713492096,
            "naucs_at_20_diff1": 0.04413908330689634,
            "naucs_at_50_max": 0.034026623933349605,
            "naucs_at_50_std": -0.11076959450519672,
            "naucs_at_50_diff1": -0.001536733767764865,
            "naucs_at_100_max": 0.023028097849783442,
            "naucs_at_100_std": -0.07087642869511494,
            "naucs_at_100_diff1": -0.031213095088062536
        }
    }
}