{
    "metadata": {
        "timestamp": "2026-01-20T22:55:10.877436",
        "vidore_benchmark_version": "5.0.0"
    },
    "metrics": {
        "vidore/esg_reports_eng_v2": {
            "ndcg_at_1": 0.33333,
            "ndcg_at_3": 0.34823,
            "ndcg_at_5": 0.34933,
            "ndcg_at_10": 0.39296,
            "ndcg_at_20": 0.43237,
            "ndcg_at_50": 0.4671,
            "ndcg_at_100": 0.48566,
            "map_at_1": 0.15911,
            "map_at_3": 0.24911,
            "map_at_5": 0.26524,
            "map_at_10": 0.293,
            "map_at_20": 0.3093,
            "map_at_50": 0.32041,
            "map_at_100": 0.32387,
            "recall_at_1": 0.15911,
            "recall_at_3": 0.30973,
            "recall_at_5": 0.34472,
            "recall_at_10": 0.49486,
            "recall_at_20": 0.62882,
            "recall_at_50": 0.75167,
            "recall_at_100": 0.82295,
            "precision_at_1": 0.33333,
            "precision_at_3": 0.25146,
            "precision_at_5": 0.18246,
            "precision_at_10": 0.12456,
            "precision_at_20": 0.08509,
            "precision_at_50": 0.04561,
            "precision_at_100": 0.02684,
            "mrr_at_1": 0.3157894736842105,
            "mrr_at_3": 0.4210526315789473,
            "mrr_at_5": 0.4421052631578947,
            "mrr_at_10": 0.45562517404622666,
            "mrr_at_20": 0.4629799294272979,
            "mrr_at_50": 0.466564659808367,
            "mrr_at_100": 0.4671749271585331,
            "naucs_at_1_max": 0.2623858534608055,
            "naucs_at_1_std": 0.22807564515156872,
            "naucs_at_1_diff1": 0.17199826909003355,
            "naucs_at_3_max": 0.3184420725914713,
            "naucs_at_3_std": 0.17784452624889308,
            "naucs_at_3_diff1": 0.22785236264345374,
            "naucs_at_5_max": 0.3562686315100317,
            "naucs_at_5_std": 0.21282829417973928,
            "naucs_at_5_diff1": 0.28559626858076737,
            "naucs_at_10_max": 0.34694239095705526,
            "naucs_at_10_std": 0.18761678518506605,
            "naucs_at_10_diff1": 0.2780853938207119,
            "naucs_at_20_max": 0.35855003463046103,
            "naucs_at_20_std": 0.09471489595575568,
            "naucs_at_20_diff1": 0.44333568738800583,
            "naucs_at_50_max": 0.36079763426463174,
            "naucs_at_50_std": 0.10807991898796261,
            "naucs_at_50_diff1": 0.469471559077933,
            "naucs_at_100_max": 0.38574913879028944,
            "naucs_at_100_std": 0.18647133994952544,
            "naucs_at_100_diff1": 0.34929231147031164
        }
    }
}