{
    "metadata": {
        "timestamp": "2026-01-20T22:06:41.623045",
        "vidore_benchmark_version": "5.0.0"
    },
    "metrics": {
        "vidore/esg_reports_human_labeled_v2": {
            "ndcg_at_1": 0.42308,
            "ndcg_at_3": 0.45093,
            "ndcg_at_5": 0.46384,
            "ndcg_at_10": 0.48926,
            "ndcg_at_20": 0.50736,
            "ndcg_at_50": 0.54213,
            "ndcg_at_100": 0.55777,
            "map_at_1": 0.28668,
            "map_at_3": 0.36938,
            "map_at_5": 0.39149,
            "map_at_10": 0.41042,
            "map_at_20": 0.41745,
            "map_at_50": 0.4275,
            "map_at_100": 0.42959,
            "recall_at_1": 0.28668,
            "recall_at_3": 0.43673,
            "recall_at_5": 0.50532,
            "recall_at_10": 0.59168,
            "recall_at_20": 0.64796,
            "recall_at_50": 0.77172,
            "recall_at_100": 0.848,
            "precision_at_1": 0.42308,
            "precision_at_3": 0.25,
            "precision_at_5": 0.18077,
            "precision_at_10": 0.10962,
            "precision_at_20": 0.0625,
            "precision_at_50": 0.03308,
            "precision_at_100": 0.01885,
            "mrr_at_1": 0.4230769230769231,
            "mrr_at_3": 0.5096153846153846,
            "mrr_at_5": 0.5221153846153845,
            "mrr_at_10": 0.5330662393162392,
            "mrr_at_20": 0.5385805167055167,
            "mrr_at_50": 0.5408157010059182,
            "mrr_at_100": 0.542061465499555,
            "naucs_at_1_max": 0.17289693993080474,
            "naucs_at_1_std": 0.17815328782370343,
            "naucs_at_1_diff1": 0.47470588991784524,
            "naucs_at_3_max": 0.2764945804076764,
            "naucs_at_3_std": 0.19167314433542104,
            "naucs_at_3_diff1": 0.27138453390229833,
            "naucs_at_5_max": 0.3682811051839271,
            "naucs_at_5_std": 0.24536512522561701,
            "naucs_at_5_diff1": 0.1471824748085901,
            "naucs_at_10_max": 0.3718705307427273,
            "naucs_at_10_std": 0.24763691366547894,
            "naucs_at_10_diff1": 0.11653926077422985,
            "naucs_at_20_max": 0.27094664892523057,
            "naucs_at_20_std": 0.18979715302570238,
            "naucs_at_20_diff1": -0.02784519624514565,
            "naucs_at_50_max": 0.22642330342641553,
            "naucs_at_50_std": 0.16219776315892448,
            "naucs_at_50_diff1": -0.11067623481002745,
            "naucs_at_100_max": 0.16361257540139895,
            "naucs_at_100_std": 0.14308240489908883,
            "naucs_at_100_diff1": -0.1634853984707733
        }
    }
}