{
    "metadata": {
        "timestamp": "2026-01-20T20:09:24.448611",
        "vidore_benchmark_version": "5.0.0"
    },
    "metrics": {
        "vidore/esg_reports_v2": {
            "ndcg_at_1": 0.29825,
            "ndcg_at_3": 0.33688,
            "ndcg_at_5": 0.35698,
            "ndcg_at_10": 0.39976,
            "ndcg_at_20": 0.42477,
            "ndcg_at_50": 0.46025,
            "ndcg_at_100": 0.47889,
            "map_at_1": 0.14765,
            "map_at_3": 0.23892,
            "map_at_5": 0.26492,
            "map_at_10": 0.29409,
            "map_at_20": 0.30682,
            "map_at_50": 0.31694,
            "map_at_100": 0.32043,
            "recall_at_1": 0.14765,
            "recall_at_3": 0.31825,
            "recall_at_5": 0.37893,
            "recall_at_10": 0.51505,
            "recall_at_20": 0.60178,
            "recall_at_50": 0.73585,
            "recall_at_100": 0.80728,
            "precision_at_1": 0.29825,
            "precision_at_3": 0.24269,
            "precision_at_5": 0.19298,
            "precision_at_10": 0.13421,
            "precision_at_20": 0.08531,
            "precision_at_50": 0.04474,
            "precision_at_100": 0.02636,
            "mrr_at_1": 0.3026315789473684,
            "mrr_at_3": 0.41885964912280704,
            "mrr_at_5": 0.4379385964912282,
            "mrr_at_10": 0.4530823586744641,
            "mrr_at_20": 0.45743413077004424,
            "mrr_at_50": 0.461403028640544,
            "mrr_at_100": 0.4618094547212823,
            "naucs_at_1_max": 0.12332097125666025,
            "naucs_at_1_std": 0.061058555235375005,
            "naucs_at_1_diff1": 0.2485278129540069,
            "naucs_at_3_max": 0.20887554243379053,
            "naucs_at_3_std": 0.041025746062279225,
            "naucs_at_3_diff1": 0.2617487927060385,
            "naucs_at_5_max": 0.25986037823407765,
            "naucs_at_5_std": 0.0911130854523068,
            "naucs_at_5_diff1": 0.25185512034158614,
            "naucs_at_10_max": 0.28613840199400475,
            "naucs_at_10_std": 0.05596151118531126,
            "naucs_at_10_diff1": 0.22726823267505933,
            "naucs_at_20_max": 0.30231347404252873,
            "naucs_at_20_std": 0.027441328388262617,
            "naucs_at_20_diff1": 0.31549417356727205,
            "naucs_at_50_max": 0.3012967795769448,
            "naucs_at_50_std": 0.05901701041411215,
            "naucs_at_50_diff1": 0.32480639519756355,
            "naucs_at_100_max": 0.32994836197994737,
            "naucs_at_100_std": 0.12552942365385383,
            "naucs_at_100_diff1": 0.2689957765231332
        }
    }
}