{
    "metadata": {
        "timestamp": "2026-01-24T19:42:04.543799",
        "vidore_benchmark_version": "5.0.0"
    },
    "metrics": {
        "vidore/vidore_v3_finance_fr": {
            "ndcg_at_1": 0.16146,
            "ndcg_at_3": 0.16242,
            "ndcg_at_5": 0.1693,
            "ndcg_at_10": 0.18879,
            "ndcg_at_20": 0.21563,
            "ndcg_at_50": 0.25456,
            "ndcg_at_100": 0.28186,
            "map_at_1": 0.07394,
            "map_at_3": 0.10212,
            "map_at_5": 0.11229,
            "map_at_10": 0.12461,
            "map_at_20": 0.1342,
            "map_at_50": 0.14342,
            "map_at_100": 0.14773,
            "recall_at_1": 0.07394,
            "recall_at_3": 0.13141,
            "recall_at_5": 0.16464,
            "recall_at_10": 0.22857,
            "recall_at_20": 0.30843,
            "recall_at_50": 0.44307,
            "recall_at_100": 0.55758,
            "precision_at_1": 0.17031,
            "precision_at_3": 0.11753,
            "precision_at_5": 0.09625,
            "precision_at_10": 0.07333,
            "precision_at_20": 0.0538,
            "precision_at_50": 0.03302,
            "precision_at_100": 0.02188,
            "mrr_at_1": 0.16770833333333332,
            "mrr_at_3": 0.23081597222222172,
            "mrr_at_5": 0.24789930555555484,
            "mrr_at_10": 0.2626579034391532,
            "mrr_at_20": 0.27062240636622586,
            "mrr_at_50": 0.2748026463321637,
            "mrr_at_100": 0.27600231326689856,
            "naucs_at_1_max": 0.29350418498820846,
            "naucs_at_1_std": 0.09724125501011316,
            "naucs_at_1_diff1": 0.34324627680523806,
            "naucs_at_3_max": 0.30934640038426087,
            "naucs_at_3_std": 0.08679838381621757,
            "naucs_at_3_diff1": 0.230724066909495,
            "naucs_at_5_max": 0.3233447758509099,
            "naucs_at_5_std": 0.09537486763214069,
            "naucs_at_5_diff1": 0.22531884195045787,
            "naucs_at_10_max": 0.3239831422263181,
            "naucs_at_10_std": 0.0966693871153424,
            "naucs_at_10_diff1": 0.1820142310093316,
            "naucs_at_20_max": 0.315285149341792,
            "naucs_at_20_std": 0.1396575032887651,
            "naucs_at_20_diff1": 0.12195075093051062,
            "naucs_at_50_max": 0.29440954527237606,
            "naucs_at_50_std": 0.17244510410738065,
            "naucs_at_50_diff1": 0.06821038169699477,
            "naucs_at_100_max": 0.27801151284377795,
            "naucs_at_100_std": 0.1800946493725657,
            "naucs_at_100_diff1": 0.055654388842764746
        }
    }
}