{
    "metadata": {
        "timestamp": "2026-01-21T02:30:29.175686",
        "vidore_benchmark_version": "5.0.0"
    },
    "metrics": {
        "vidore/syntheticDocQA_energy_test": {
            "ndcg_at_1": 0.78,
            "ndcg_at_3": 0.84047,
            "ndcg_at_5": 0.85252,
            "ndcg_at_10": 0.85923,
            "ndcg_at_20": 0.86956,
            "ndcg_at_50": 0.87172,
            "ndcg_at_100": 0.87347,
            "map_at_1": 0.78,
            "map_at_3": 0.82667,
            "map_at_5": 0.83317,
            "map_at_10": 0.83608,
            "map_at_20": 0.83904,
            "map_at_50": 0.83946,
            "map_at_100": 0.83965,
            "recall_at_1": 0.78,
            "recall_at_3": 0.88,
            "recall_at_5": 0.91,
            "recall_at_10": 0.93,
            "recall_at_20": 0.97,
            "recall_at_50": 0.98,
            "recall_at_100": 0.99,
            "precision_at_1": 0.78,
            "precision_at_3": 0.29333,
            "precision_at_5": 0.182,
            "precision_at_10": 0.093,
            "precision_at_20": 0.0485,
            "precision_at_50": 0.0196,
            "precision_at_100": 0.0099,
            "mrr_at_1": 0.78,
            "mrr_at_3": 0.8283333333333335,
            "mrr_at_5": 0.8353333333333333,
            "mrr_at_10": 0.8395,
            "mrr_at_20": 0.8421031746031747,
            "mrr_at_50": 0.8421031746031747,
            "mrr_at_100": 0.8422992530345472,
            "naucs_at_1_max": 0.22752353132099967,
            "naucs_at_1_std": -0.6941855612741685,
            "naucs_at_1_diff1": 0.8058376222933186,
            "naucs_at_3_max": 0.27493636652879294,
            "naucs_at_3_std": -0.6886732421253556,
            "naucs_at_3_diff1": 0.691377664651606,
            "naucs_at_5_max": 0.43806411453470223,
            "naucs_at_5_std": -0.616713352007469,
            "naucs_at_5_diff1": 0.64700695092852,
            "naucs_at_10_max": 0.38788848872882664,
            "naucs_at_10_std": -0.6879418434040246,
            "naucs_at_10_diff1": 0.6775376817393657,
            "naucs_at_20_max": 0.36834733893557725,
            "naucs_at_20_std": -0.8249299719887969,
            "naucs_at_20_diff1": 0.6374105197634568,
            "naucs_at_50_max": 0.638188608776847,
            "naucs_at_50_std": -0.3674136321195118,
            "naucs_at_50_diff1": 0.6790382819794637,
            "naucs_at_100_max": 0.7222222222222041,
            "naucs_at_100_std": -0.5634920634920583,
            "naucs_at_100_diff1": 1.0
        }
    }
}