{
    "metadata": {
        "timestamp": "2026-01-24T01:41:01.736556",
        "vidore_benchmark_version": "5.0.0"
    },
    "metrics": {
        "vidore/vidore_v3_hr": {
            "ndcg_at_1": 0.32862,
            "ndcg_at_3": 0.34075,
            "ndcg_at_5": 0.35287,
            "ndcg_at_10": 0.38537,
            "ndcg_at_20": 0.42039,
            "ndcg_at_50": 0.46565,
            "ndcg_at_100": 0.49041,
            "map_at_1": 0.13325,
            "map_at_3": 0.2021,
            "map_at_5": 0.23014,
            "map_at_10": 0.26601,
            "map_at_20": 0.29054,
            "map_at_50": 0.30764,
            "map_at_100": 0.31395,
            "recall_at_1": 0.13325,
            "recall_at_3": 0.25282,
            "recall_at_5": 0.32318,
            "recall_at_10": 0.44365,
            "recall_at_20": 0.56642,
            "recall_at_50": 0.71106,
            "recall_at_100": 0.80042,
            "precision_at_1": 0.34958,
            "precision_at_3": 0.26625,
            "precision_at_5": 0.22243,
            "precision_at_10": 0.16876,
            "precision_at_20": 0.11758,
            "precision_at_50": 0.06519,
            "precision_at_100": 0.03927,
            "mrr_at_1": 0.34329140461215935,
            "mrr_at_3": 0.44374563242487863,
            "mrr_at_5": 0.46402865129280374,
            "mrr_at_10": 0.4775044923629841,
            "mrr_at_20": 0.48342391296419124,
            "mrr_at_50": 0.48594178743740296,
            "mrr_at_100": 0.48641595034262763,
            "naucs_at_1_max": 0.09971748218349429,
            "naucs_at_1_std": -0.13801461441427157,
            "naucs_at_1_diff1": 0.3315218679763214,
            "naucs_at_3_max": 0.13011114594416628,
            "naucs_at_3_std": -0.1169175451609221,
            "naucs_at_3_diff1": 0.2257379716873823,
            "naucs_at_5_max": 0.14462149335002783,
            "naucs_at_5_std": -0.1112913997199007,
            "naucs_at_5_diff1": 0.18228247787189925,
            "naucs_at_10_max": 0.13315729001498897,
            "naucs_at_10_std": -0.11841449878899549,
            "naucs_at_10_diff1": 0.11528660282477607,
            "naucs_at_20_max": 0.12213800558159066,
            "naucs_at_20_std": -0.1201060955629907,
            "naucs_at_20_diff1": 0.08806511406725034,
            "naucs_at_50_max": 0.13760356212106245,
            "naucs_at_50_std": -0.09144922211610969,
            "naucs_at_50_diff1": 0.033657337666838476,
            "naucs_at_100_max": 0.14049284920492125,
            "naucs_at_100_std": -0.06864201081879165,
            "naucs_at_100_diff1": 0.0036716575362222103
        }
    }
}