{
    "metadata": {
        "timestamp": "2026-01-24T07:44:37.054600",
        "vidore_benchmark_version": "5.0.0"
    },
    "metrics": {
        "vidore/vidore_v3_physics": {
            "ndcg_at_1": 0.29084,
            "ndcg_at_3": 0.31689,
            "ndcg_at_5": 0.3315,
            "ndcg_at_10": 0.35672,
            "ndcg_at_20": 0.3941,
            "ndcg_at_50": 0.44846,
            "ndcg_at_100": 0.48019,
            "map_at_1": 0.10769,
            "map_at_3": 0.172,
            "map_at_5": 0.19897,
            "map_at_10": 0.2348,
            "map_at_20": 0.26121,
            "map_at_50": 0.28256,
            "map_at_100": 0.29117,
            "recall_at_1": 0.10769,
            "recall_at_3": 0.22601,
            "recall_at_5": 0.29112,
            "recall_at_10": 0.40152,
            "recall_at_20": 0.51273,
            "recall_at_50": 0.66612,
            "recall_at_100": 0.77334,
            "precision_at_1": 0.31898,
            "precision_at_3": 0.26177,
            "precision_at_5": 0.23146,
            "precision_at_10": 0.18455,
            "precision_at_20": 0.13375,
            "precision_at_50": 0.07969,
            "precision_at_100": 0.04985,
            "mrr_at_1": 0.3195364238410596,
            "mrr_at_3": 0.4361662987490808,
            "mrr_at_5": 0.4589311994113334,
            "mrr_at_10": 0.4734985458495402,
            "mrr_at_20": 0.4794160129314199,
            "mrr_at_50": 0.4817209797562443,
            "mrr_at_100": 0.48219140680501066,
            "naucs_at_1_max": 0.0037158897802515105,
            "naucs_at_1_std": -0.10941390421910747,
            "naucs_at_1_diff1": 0.26215609923668437,
            "naucs_at_3_max": 0.036716125433562015,
            "naucs_at_3_std": -0.12631589383137656,
            "naucs_at_3_diff1": 0.18158734586125622,
            "naucs_at_5_max": 0.06203895117299988,
            "naucs_at_5_std": -0.10906298787840829,
            "naucs_at_5_diff1": 0.14602485491991085,
            "naucs_at_10_max": 0.10617707607692359,
            "naucs_at_10_std": -0.07858202091968107,
            "naucs_at_10_diff1": 0.09130189337172179,
            "naucs_at_20_max": 0.10681990296323594,
            "naucs_at_20_std": -0.056415877988774614,
            "naucs_at_20_diff1": 0.05019408851061186,
            "naucs_at_50_max": 0.11484021511988433,
            "naucs_at_50_std": -0.018128487663257392,
            "naucs_at_50_diff1": 0.001494571515951041,
            "naucs_at_100_max": 0.11904038670754408,
            "naucs_at_100_std": 0.01942617662359616,
            "naucs_at_100_diff1": -0.030509287462407015
        }
    }
}