{
    "metadata": {
        "timestamp": "2026-01-20T23:58:36.574335",
        "vidore_benchmark_version": "5.0.0"
    },
    "metrics": {
        "vidore/biomedical_lectures_eng_v2": {
            "ndcg_at_1": 0.48125,
            "ndcg_at_3": 0.49455,
            "ndcg_at_5": 0.50844,
            "ndcg_at_10": 0.5427,
            "ndcg_at_20": 0.57734,
            "ndcg_at_50": 0.61002,
            "ndcg_at_100": 0.6244,
            "map_at_1": 0.28293,
            "map_at_3": 0.3932,
            "map_at_5": 0.42138,
            "map_at_10": 0.45165,
            "map_at_20": 0.46764,
            "map_at_50": 0.47762,
            "map_at_100": 0.48098,
            "recall_at_1": 0.28293,
            "recall_at_3": 0.46862,
            "recall_at_5": 0.54681,
            "recall_at_10": 0.6482,
            "recall_at_20": 0.75051,
            "recall_at_50": 0.85765,
            "recall_at_100": 0.9092,
            "precision_at_1": 0.48125,
            "precision_at_3": 0.30833,
            "precision_at_5": 0.22875,
            "precision_at_10": 0.14938,
            "precision_at_20": 0.09375,
            "precision_at_50": 0.04687,
            "precision_at_100": 0.02656,
            "mrr_at_1": 0.49375,
            "mrr_at_3": 0.5812499999999999,
            "mrr_at_5": 0.5990624999999999,
            "mrr_at_10": 0.6050942460317461,
            "mrr_at_20": 0.610355266159494,
            "mrr_at_50": 0.6126712048911125,
            "mrr_at_100": 0.6126712048911125,
            "naucs_at_1_max": 0.26564296883402655,
            "naucs_at_1_std": -0.154655039753783,
            "naucs_at_1_diff1": 0.503189403403685,
            "naucs_at_3_max": 0.24211193161940617,
            "naucs_at_3_std": -0.0460661302370438,
            "naucs_at_3_diff1": 0.11961403541948366,
            "naucs_at_5_max": 0.24423556939152494,
            "naucs_at_5_std": -0.040826792632746904,
            "naucs_at_5_diff1": -0.010593330689007056,
            "naucs_at_10_max": 0.1636462396918671,
            "naucs_at_10_std": -0.05848658163576474,
            "naucs_at_10_diff1": 0.008769356342606458,
            "naucs_at_20_max": 0.10351944675262044,
            "naucs_at_20_std": -0.05377006996006101,
            "naucs_at_20_diff1": -0.0781555740209612,
            "naucs_at_50_max": 0.01460256184031873,
            "naucs_at_50_std": -0.047543852699583736,
            "naucs_at_50_diff1": -0.1633830408619655,
            "naucs_at_100_max": -0.0016823030729066944,
            "naucs_at_100_std": 0.00161170642609753,
            "naucs_at_100_diff1": -0.19692108496531732
        }
    }
}