{
    "metadata": {
        "timestamp": "2026-01-21T05:40:45.710873",
        "vidore_benchmark_version": "5.0.0"
    },
    "metrics": {
        "vidore/syntheticDocQA_healthcare_industry_test": {
            "ndcg_at_1": 0.8,
            "ndcg_at_3": 0.87809,
            "ndcg_at_5": 0.88671,
            "ndcg_at_10": 0.89606,
            "ndcg_at_20": 0.89856,
            "ndcg_at_50": 0.89856,
            "ndcg_at_100": 0.90016,
            "map_at_1": 0.8,
            "map_at_3": 0.86,
            "map_at_5": 0.865,
            "map_at_10": 0.86865,
            "map_at_20": 0.86932,
            "map_at_50": 0.86932,
            "map_at_100": 0.86945,
            "recall_at_1": 0.8,
            "recall_at_3": 0.93,
            "recall_at_5": 0.95,
            "recall_at_10": 0.98,
            "recall_at_20": 0.99,
            "recall_at_50": 0.99,
            "recall_at_100": 1.0,
            "precision_at_1": 0.8,
            "precision_at_3": 0.31,
            "precision_at_5": 0.19,
            "precision_at_10": 0.098,
            "precision_at_20": 0.0495,
            "precision_at_50": 0.0198,
            "precision_at_100": 0.01,
            "mrr_at_1": 0.8,
            "mrr_at_3": 0.8633333333333333,
            "mrr_at_5": 0.8658333333333332,
            "mrr_at_10": 0.8696230158730158,
            "mrr_at_20": 0.8702896825396824,
            "mrr_at_50": 0.8702896825396824,
            "mrr_at_100": 0.8704266688410524,
            "naucs_at_1_max": 0.41463536463536466,
            "naucs_at_1_std": -0.332742257742258,
            "naucs_at_1_diff1": 0.8179820179820174,
            "naucs_at_3_max": 0.5176070428171282,
            "naucs_at_3_std": -0.9360410830999047,
            "naucs_at_3_diff1": 0.9229691876750693,
            "naucs_at_5_max": 0.5556489262371613,
            "naucs_at_5_std": -0.8497665732959666,
            "naucs_at_5_diff1": 0.9183006535947721,
            "naucs_at_10_max": 0.09337068160597826,
            "naucs_at_10_std": -0.9556489262371534,
            "naucs_at_10_diff1": 1.0,
            "naucs_at_20_max": 0.35807656395891135,
            "naucs_at_20_std": -1.7399626517273863,
            "naucs_at_20_diff1": 1.0,
            "naucs_at_50_max": 0.35807656395892007,
            "naucs_at_50_std": -1.7399626517273008,
            "naucs_at_50_diff1": 1.0,
            "naucs_at_100_max": null,
            "naucs_at_100_std": null,
            "naucs_at_100_diff1": null
        }
    }
}