{
    "metadata": {
        "timestamp": "2026-01-21T04:53:05.053772",
        "vidore_benchmark_version": "5.0.0"
    },
    "metrics": {
        "vidore/syntheticDocQA_government_reports_test": {
            "ndcg_at_1": 0.81,
            "ndcg_at_3": 0.88309,
            "ndcg_at_5": 0.89901,
            "ndcg_at_10": 0.90202,
            "ndcg_at_20": 0.90674,
            "ndcg_at_50": 0.90674,
            "ndcg_at_100": 0.90674,
            "map_at_1": 0.81,
            "map_at_3": 0.86667,
            "map_at_5": 0.87517,
            "map_at_10": 0.87628,
            "map_at_20": 0.8774,
            "map_at_50": 0.8774,
            "map_at_100": 0.8774,
            "recall_at_1": 0.81,
            "recall_at_3": 0.93,
            "recall_at_5": 0.97,
            "recall_at_10": 0.98,
            "recall_at_20": 1.0,
            "recall_at_50": 1.0,
            "recall_at_100": 1.0,
            "precision_at_1": 0.81,
            "precision_at_3": 0.31,
            "precision_at_5": 0.194,
            "precision_at_10": 0.098,
            "precision_at_20": 0.05,
            "precision_at_50": 0.02,
            "precision_at_100": 0.01,
            "mrr_at_1": 0.81,
            "mrr_at_3": 0.8666666666666666,
            "mrr_at_5": 0.8751666666666666,
            "mrr_at_10": 0.8764166666666666,
            "mrr_at_20": 0.8775416666666667,
            "mrr_at_50": 0.8775416666666667,
            "mrr_at_100": 0.8775416666666667,
            "naucs_at_1_max": 0.24244329194824263,
            "naucs_at_1_std": -0.3012205982503012,
            "naucs_at_1_diff1": 0.7240295458117242,
            "naucs_at_3_max": 0.36754701880752516,
            "naucs_at_3_std": -0.49699879951980624,
            "naucs_at_3_diff1": 0.739295718287316,
            "naucs_at_5_max": 0.5284780578898236,
            "naucs_at_5_std": -1.2170868347338828,
            "naucs_at_5_diff1": 0.9128540305010848,
            "naucs_at_10_max": 0.35807656395892185,
            "naucs_at_10_std": -1.7399626517273414,
            "naucs_at_10_diff1": 0.9346405228758136,
            "naucs_at_20_max": 1.0,
            "naucs_at_20_std": 1.0,
            "naucs_at_20_diff1": 1.0,
            "naucs_at_50_max": null,
            "naucs_at_50_std": null,
            "naucs_at_50_diff1": null,
            "naucs_at_100_max": null,
            "naucs_at_100_std": null,
            "naucs_at_100_diff1": null
        }
    }
}