{
    "metadata": {
        "timestamp": "2026-01-20T21:15:09.268314",
        "vidore_benchmark_version": "5.0.0"
    },
    "metrics": {
        "vidore/economics_reports_v2": {
            "ndcg_at_1": 0.5819,
            "ndcg_at_3": 0.53005,
            "ndcg_at_5": 0.5026,
            "ndcg_at_10": 0.4892,
            "ndcg_at_20": 0.51368,
            "ndcg_at_50": 0.59636,
            "ndcg_at_100": 0.64331,
            "map_at_1": 0.08584,
            "map_at_3": 0.15533,
            "map_at_5": 0.19569,
            "map_at_10": 0.24978,
            "map_at_20": 0.29727,
            "map_at_50": 0.35923,
            "map_at_100": 0.38827,
            "recall_at_1": 0.08584,
            "recall_at_3": 0.18924,
            "recall_at_5": 0.26366,
            "recall_at_10": 0.37345,
            "recall_at_20": 0.51837,
            "recall_at_50": 0.75235,
            "recall_at_100": 0.90289,
            "precision_at_1": 0.5819,
            "precision_at_3": 0.47845,
            "precision_at_5": 0.42672,
            "precision_at_10": 0.35474,
            "precision_at_20": 0.27435,
            "precision_at_50": 0.18793,
            "precision_at_100": 0.12401,
            "mrr_at_1": 0.5775862068965517,
            "mrr_at_3": 0.675287356321839,
            "mrr_at_5": 0.6992097701149426,
            "mrr_at_10": 0.7043445539135195,
            "mrr_at_20": 0.7057162879519625,
            "mrr_at_50": 0.7066761130633302,
            "mrr_at_100": 0.7068142651411375,
            "naucs_at_1_max": 0.2411114380849453,
            "naucs_at_1_std": 0.10247694570884264,
            "naucs_at_1_diff1": 0.14150380676364857,
            "naucs_at_3_max": 0.2514612141974318,
            "naucs_at_3_std": 0.16514455447265675,
            "naucs_at_3_diff1": 0.05118663384410294,
            "naucs_at_5_max": 0.2839118156688283,
            "naucs_at_5_std": 0.1692606305362383,
            "naucs_at_5_diff1": 0.07927791086359832,
            "naucs_at_10_max": 0.2822941634199311,
            "naucs_at_10_std": 0.20689427587380402,
            "naucs_at_10_diff1": 0.04325255188972244,
            "naucs_at_20_max": 0.29947822063312246,
            "naucs_at_20_std": 0.26671056694207335,
            "naucs_at_20_diff1": 0.05728102398851122,
            "naucs_at_50_max": 0.2775561011884243,
            "naucs_at_50_std": 0.28415152676756483,
            "naucs_at_50_diff1": 0.044724985976851483,
            "naucs_at_100_max": 0.27184301291409,
            "naucs_at_100_std": 0.28046578829843694,
            "naucs_at_100_diff1": 0.01607864250670321
        }
    }
}