{
    "metadata": {
        "timestamp": "2026-01-21T01:15:08.778466",
        "vidore_benchmark_version": "5.0.0"
    },
    "metrics": {
        "vidore/infovqa_test_subsampled": {
            "ndcg_at_1": 0.68219,
            "ndcg_at_3": 0.75757,
            "ndcg_at_5": 0.77691,
            "ndcg_at_10": 0.79296,
            "ndcg_at_20": 0.7984,
            "ndcg_at_50": 0.80449,
            "ndcg_at_100": 0.80614,
            "map_at_1": 0.68219,
            "map_at_3": 0.73887,
            "map_at_5": 0.7497,
            "map_at_10": 0.75614,
            "map_at_20": 0.75753,
            "map_at_50": 0.75854,
            "map_at_100": 0.75869,
            "recall_at_1": 0.68219,
            "recall_at_3": 0.81174,
            "recall_at_5": 0.8583,
            "recall_at_10": 0.90891,
            "recall_at_20": 0.93117,
            "recall_at_50": 0.96154,
            "recall_at_100": 0.97166,
            "precision_at_1": 0.68219,
            "precision_at_3": 0.27058,
            "precision_at_5": 0.17166,
            "precision_at_10": 0.09089,
            "precision_at_20": 0.04656,
            "precision_at_50": 0.01923,
            "precision_at_100": 0.00972,
            "mrr_at_1": 0.6842105263157895,
            "mrr_at_3": 0.7402159244264507,
            "mrr_at_5": 0.7501349527665315,
            "mrr_at_10": 0.7569854122485697,
            "mrr_at_20": 0.7583571348491093,
            "mrr_at_50": 0.7593297280146731,
            "mrr_at_100": 0.7595325714528736,
            "naucs_at_1_max": 0.3688981563850366,
            "naucs_at_1_std": -0.11259087759334652,
            "naucs_at_1_diff1": 0.8211036818852923,
            "naucs_at_3_max": 0.3957988038665597,
            "naucs_at_3_std": -0.012538939580350612,
            "naucs_at_3_diff1": 0.7537470406054962,
            "naucs_at_5_max": 0.4762712674758144,
            "naucs_at_5_std": 0.06727813517884237,
            "naucs_at_5_diff1": 0.7697077422489685,
            "naucs_at_10_max": 0.6726044611540006,
            "naucs_at_10_std": 0.3677069172935792,
            "naucs_at_10_diff1": 0.7091065099661804,
            "naucs_at_20_max": 0.7026586823078266,
            "naucs_at_20_std": 0.4987601413455824,
            "naucs_at_20_diff1": 0.7398302512290552,
            "naucs_at_50_max": 0.828055563651781,
            "naucs_at_50_std": 0.8183449369237289,
            "naucs_at_50_diff1": 0.7493401871218096,
            "naucs_at_100_max": 0.8404934492690431,
            "naucs_at_100_std": 0.894317328832472,
            "naucs_at_100_diff1": 0.7511694703250751
        }
    }
}